image,R,G,B
PanasonicGX1_0083.tiff,0.3685460400143563,0.8036458256352618,0.4672549660824965
PanasonicGX1_0095.tiff,0.5481530050942096,0.7778940868497991,0.30726059404079903
Canon600D_0031.tiff,0.3348796277245454,0.7710839226837671,0.5415581401047205
Canon1DsMkIII_0106.tiff,0.36925561832813536,0.772960299259483,0.5159289331892497
Canon1DsMkIII_0183.tiff,0.6704314369242338,0.7122776365406119,0.2078034091823984
NikonD5200_0138.tiff,0.30656066466335924,0.7962999747354532,0.5214661150232831
Canon600D_0065.tiff,0.3596186306725935,0.7665794608261361,0.532005987478223
Canon1DsMkIII_0030.tiff,0.31127053131926474,0.7483686322063642,0.5857090119349354
NikonD5200_0170.tiff,0.34080788176921883,0.8120999000899392,0.47364938509185145
SamsungNX2000_0044.tiff,0.31634869753304035,0.8113231550431463,0.4916078108207638
OlympusEPL6_0121.tiff,0.5876278624617182,0.7731768963071675,0.2385183059546745
Canon600D_0199.tiff,0.35788421179972113,0.7769849141100916,0.5178931687035716
Canon1DsMkIII_0140.tiff,0.3326474284439181,0.7528882174457452,0.5678952547618414
Canon600D_0059.tiff,0.328756027883281,0.7654307011680442,0.5532045876886811
SamsungNX2000_0036.tiff,0.33292856303173735,0.8028620984241251,0.4945412246027959
SamsungNX2000_0146.tiff,0.3087762147019175,0.8030770297603669,0.509631762653803
PanasonicGX1_0024.tiff,0.3663645924909242,0.7909402753033803,0.4900923038285463
FujifilmXM1_0195.tiff,0.413176780435354,0.7817674764285446,0.4670380722249744
FujifilmXM1_0059.tiff,0.3504878606219143,0.778797877147217,0.520223150299621
FujifilmXM1_0012.tiff,0.4070312724441965,0.7827196890065213,0.4708242046602883
FujifilmXM1_0131.tiff,0.643890899886943,0.7390933167464883,0.19785241515700058
OlympusEPL6_0096.tiff,0.6845296899535958,0.7080092461554537,0.17361454700116663
PanasonicGX1_0073.tiff,0.3336171904625605,0.7931611974890631,0.5095045485818385
PanasonicGX1_0108.tiff,0.3295258249643251,0.7874362047874666,0.5209193354747855
PanasonicGX1_0163.tiff,0.30313036663108767,0.7774988962750913,0.5510058503474509
Canon1DsMkIII_0114.tiff,0.37153470521448334,0.7737773863497759,0.5130599567252319
FujifilmXM1_0175.tiff,0.42417371042801577,0.7829777109089587,0.45499732702676066
OlympusEPL6_0203.tiff,0.3863783580367216,0.7931590116881532,0.47075529377662767
Canon1DsMkIII_0179.tiff,0.6242853721925267,0.7406458291086877,0.24841805467868694
FujifilmXM1_0165.tiff,0.6221013089375858,0.755395545277363,0.20583374745958943
Canon600D_0039.tiff,0.3638909085899606,0.7745933363088159,0.5172896383956967
SamsungNX2000_0145.tiff,0.30234083728037314,0.7942045705520061,0.5270949802710196
NikonD5200_0057.tiff,0.3154470565291632,0.7939800431550009,0.5197007269560723
OlympusEPL6_0202.tiff,0.40858861148125014,0.7957452919977213,0.4470400170357071
NikonD5200_0037.tiff,0.3214669805043028,0.7963990662511541,0.5122572671224256
OlympusEPL6_0142.tiff,0.6301388740759154,0.7512738783939356,0.19624616944356377
OlympusEPL6_0045.tiff,0.4094520733054727,0.8032434576168078,0.4326071514222175
SamsungNX2000_0150.tiff,0.3214783949772008,0.8038937764835699,0.5004062726364119
Canon600D_0082.tiff,0.3785500473662739,0.7965275020217815,0.471427407096716
FujifilmXM1_0037.tiff,0.4185105674793377,0.7797805760922685,0.4656083741271551
PanasonicGX1_0079.tiff,0.32752609359893,0.7813089170206162,0.5313031471729647
SamsungNX2000_0117.tiff,0.2889951961258795,0.8177538185590699,0.4977554307571384
FujifilmXM1_0164.tiff,0.40291238958226977,0.7788254953265524,0.48072076525822727
SamsungNX2000_0175.tiff,0.37951516315152833,0.8297672571052658,0.4092120965637168
PanasonicGX1_0047.tiff,0.6407059054099102,0.7418583716897236,0.19784362291147792
FujifilmXM1_0106.tiff,0.3965382419962334,0.7826809782826293,0.47975817749058036
PanasonicGX1_0091.tiff,0.594250867905478,0.7555594719923378,0.2756733397995642
Canon600D_0064.tiff,0.4181150273252135,0.7907115722795697,0.4471633184732473
FujifilmXM1_0032.tiff,0.6222990773461206,0.7564892232689021,0.20116638241063156
Canon1DsMkIII_0147.tiff,0.4229847679063839,0.7804946163908625,0.4603390488586246
OlympusEPL6_0086.tiff,0.44221199844023423,0.811202669011787,0.3826209328090241
SamsungNX2000_0085.tiff,0.2587488372217896,0.7695444985903178,0.5838238637857726
PanasonicGX1_0045.tiff,0.33942621910617293,0.780938061664542,0.5243334679637723
PanasonicGX1_0180.tiff,0.3336340842797238,0.7917511878408292,0.5116818878555957
OlympusEPL6_0090.tiff,0.332888453451962,0.7860276130723928,0.5209086954986235
FujifilmXM1_0015.tiff,0.40092988883774544,0.7867841991228627,0.4692822692656829
Canon1DsMkIII_0167.tiff,0.4550858964124583,0.7869209330213109,0.4167160568772687
FujifilmXM1_0026.tiff,0.4161767453293714,0.7907836319230575,0.44884091182693
FujifilmXM1_0085.tiff,0.6701270817269214,0.7228720785332875,0.1684804214534279
Canon600D_0200.tiff,0.37855204807651954,0.7803908463197289,0.49768310587908227
PanasonicGX1_0092.tiff,0.6382385650178293,0.7370863923789616,0.22216026713557466
FujifilmXM1_0127.tiff,0.6647333005143772,0.7232796489509887,0.18707268266798696
SamsungNX2000_0080.tiff,0.3907490233482927,0.8169608129799778,0.4241346847493721
OlympusEPL6_0113.tiff,0.39455060069762027,0.799139093105616,0.4535488213626849
SamsungNX2000_0171.tiff,0.3529415123364234,0.8205662771262486,0.4495589769016374
Canon1DsMkIII_0111.tiff,0.35667925879460904,0.7732469384886328,0.5242795804374655
NikonD5200_0144.tiff,0.3025561805460565,0.8051415532481807,0.5101047312527978
NikonD5200_0125.tiff,0.5017582341962841,0.8274486607925653,0.2521257388066862
OlympusEPL6_0179.tiff,0.4306251791218288,0.805989407826791,0.40613178843487724
OlympusEPL6_0015.tiff,0.40312779418204275,0.7982672102769678,0.44750133246119833
NikonD5200_0180.tiff,0.3357535515130409,0.8062295312194024,0.48709700844505555
OlympusEPL6_0105.tiff,0.38625812033534146,0.8050684573060222,0.45018823121657736
Canon1DsMkIII_0185.tiff,0.34811970274694287,0.7611672773671876,0.5472084140661609
Canon1DsMkIII_0104.tiff,0.3521772449400249,0.7579100934270457,0.5491297464423692
PanasonicGX1_0010.tiff,0.33078415080673257,0.7897597278379591,0.51658631211094
PanasonicGX1_0124.tiff,0.43133594743094406,0.8100438845846273,0.3972130479993036
Canon1DsMkIII_0033.tiff,0.3610884461755872,0.7737072226908156,0.5205691765698052
SamsungNX2000_0105.tiff,0.31309717827928735,0.7937839113438481,0.5214185066194048
PanasonicGX1_0172.tiff,0.5615701050693104,0.7842886896743243,0.26368592746177255
Canon600D_0119.tiff,0.36581578165427425,0.770498328936824,0.522025994561798
Canon1DsMkIII_0036.tiff,0.3367358917536416,0.7558080379814507,0.5615720336052266
Canon1DsMkIII_0027.tiff,0.3358755812294613,0.7635629789406575,0.5515062747830171
SamsungNX2000_0130.tiff,0.5509590331920213,0.7846513975420147,0.2841941731976155
PanasonicGX1_0173.tiff,0.34656297026509364,0.7936237527205748,0.5000554436847457
Canon600D_0154.tiff,0.3549692342533111,0.7743334526387075,0.5238363741267272
Canon600D_0041.tiff,0.37288531956527327,0.775812445319384,0.5089907544742457
Canon600D_0080.tiff,0.3089635727018409,0.7540732286089075,0.5795818118597692
Canon1DsMkIII_0217.tiff,0.6206594732582407,0.7534112212283074,0.21714822122705446
NikonD5200_0122.tiff,0.43894390656092896,0.8166516607573745,0.3747109711167431
PanasonicGX1_0120.tiff,0.34032036348950545,0.7798430732609568,0.5253825570774852
Canon600D_0161.tiff,0.36141197155739635,0.7780232136887737,0.5138689188658803
Canon600D_0116.tiff,0.5559054053839042,0.7731688436187943,0.30525255039415095
PanasonicGX1_0025.tiff,0.3413810191435831,0.7888640916464744,0.5110307668617139
NikonD5200_0198.tiff,0.32559798283917474,0.8045061378062824,0.49674523430333944
NikonD5200_0172.tiff,0.34517354023401114,0.8172427801383948,0.46148614869136306
FujifilmXM1_0177.tiff,0.4252563365183206,0.7827039592505888,0.45445743521750154
SamsungNX2000_0198.tiff,0.3305773024927066,0.8038044375128484,0.4945877811989487
Canon1DsMkIII_0152.tiff,0.34817973441280675,0.759595404129119,0.549350247629095
FujifilmXM1_0136.tiff,0.4025556440901624,0.7835720563108316,0.47324812306016545
PanasonicGX1_0031.tiff,0.3283733885853432,0.7861928723923282,0.5235185622960086
Canon600D_0099.tiff,0.6472885026276433,0.7247287857035329,0.23619013852984266
SamsungNX2000_0090.tiff,0.6444426789108558,0.7400319718981783,0.19247419091060927
Canon1DsMkIII_0221.tiff,0.6099081917352235,0.7592021019449796,0.22720952017156892
FujifilmXM1_0049.tiff,0.3533485151134612,0.8243402252242802,0.44227595451742036
NikonD5200_0106.tiff,0.3355689824491913,0.7997948474974798,0.4977164453124864
Canon1DsMkIII_0207.tiff,0.4768598554180139,0.7904635501435548,0.38441130860727646
OlympusEPL6_0070.tiff,0.5111660672606778,0.8003273700420256,0.31334542033172774
PanasonicGX1_0080.tiff,0.3084373476506956,0.7887152673526291,0.5317843826393125
FujifilmXM1_0021.tiff,0.4450680220107286,0.7857523805098608,0.42954353947713436
NikonD5200_0051.tiff,0.623323706987621,0.7624065339009979,0.17379250090920845
NikonD5200_0109.tiff,0.3008591775794133,0.8469076046240926,0.4384418598812399
Canon1DsMkIII_0003.tiff,0.3517116863856256,0.776450991980404,0.5228984095523969
Canon600D_0163.tiff,0.3146272107711493,0.7572554778630017,0.5723406848100558
SamsungNX2000_0186.tiff,0.3022495028200429,0.8022283906681483,0.5148541999935803
OlympusEPL6_0066.tiff,0.41473406772235244,0.7977853499456583,0.4376461909837155
Canon1DsMkIII_0098.tiff,0.3179025222599219,0.7415382142409674,0.5908122063406418
OlympusEPL6_0021.tiff,0.3884374390426818,0.7981905840245314,0.4604434248901167
NikonD5200_0052.tiff,0.3010311802284642,0.8322720113075898,0.4655142615691566
Canon600D_0158.tiff,0.7084272453526618,0.6617920849801998,0.2452795839437103
Canon600D_0007.tiff,0.4434253586574916,0.8017752709465241,0.4006624092650856
FujifilmXM1_0048.tiff,0.5003517667831059,0.7968378529376848,0.33867026087728036
NikonD5200_0059.tiff,0.2520931208304125,0.7749509935156753,0.5795688191052474
PanasonicGX1_0105.tiff,0.33956716282089455,0.7823395731727498,0.5221483832988931
Canon600D_0195.tiff,0.3461636347867884,0.7716445192247884,0.5336061036959233
SamsungNX2000_0200.tiff,0.3393626658123534,0.8079069098991546,0.4817877188035539
OlympusEPL6_0152.tiff,0.39597571192513814,0.8018007112618634,0.44756994423816066
SamsungNX2000_0082.tiff,0.4190509973515411,0.8166064184780727,0.3969259615080546
Canon1DsMkIII_0090.tiff,0.3844388410809732,0.7732318507616168,0.5043007856786297
NikonD5200_0015.tiff,0.30800421437118847,0.8033184543613274,0.5097184171796375
Canon600D_0075.tiff,0.35395016831483167,0.7870803987000934,0.5051967184493626
Canon1DsMkIII_0089.tiff,0.3680358675225241,0.7704740840167269,0.5204990740390696
Canon600D_0182.tiff,0.3722647862762234,0.7797486057280658,0.5033994842705495
OlympusEPL6_0034.tiff,0.39144542339166905,0.80482056237951,0.4461326516596228
FujifilmXM1_0176.tiff,0.43602088244857284,0.7851276558450493,0.4398412828464672
NikonD5200_0025.tiff,0.34768594857043184,0.8111378418152604,0.4702870216601356
Canon600D_0137.tiff,0.5857398572669646,0.7693728166164631,0.2549005466069583
SamsungNX2000_0144.tiff,0.3077300139385412,0.8026189851355081,0.5109843473350549
Canon1DsMkIII_0137.tiff,0.36501531784678815,0.8034221221718718,0.4704005860349815
Canon600D_0018.tiff,0.3445883795475824,0.7712051530229074,0.5352583120622093
PanasonicGX1_0171.tiff,0.335120468918823,0.7791443301809421,0.52974369657271
OlympusEPL6_0178.tiff,0.38824842548828786,0.7913797531369359,0.4722089012617063
SamsungNX2000_0112.tiff,0.2786460176858326,0.7832337779840536,0.5557888500614717
Canon600D_0148.tiff,0.35708785639174045,0.7743374627299847,0.5223885111968306
Canon600D_0085.tiff,0.40755130027176506,0.7934668527966073,0.4520091715439419
PanasonicGX1_0037.tiff,0.3306288056644522,0.7815857508912837,0.5289690982170945
Canon1DsMkIII_0073.tiff,0.3692890895603783,0.7708128644042979,0.5191079814455837
Canon600D_0141.tiff,0.3588573751675274,0.7807947369511216,0.511449863659481
SamsungNX2000_0086.tiff,0.5976466039883088,0.7762816927890401,0.20051251876584694
NikonD5200_0200.tiff,0.31005517666426596,0.7953432640649026,0.5208597505377792
Canon600D_0150.tiff,0.36363188405192165,0.7884115690366607,0.49616433841016894
NikonD5200_0024.tiff,0.34612776040920995,0.8076160256404884,0.47744311556746394
SamsungNX2000_0028.tiff,0.3353712436403696,0.8058743332756101,0.4879474233016328
Canon600D_0100.tiff,0.35962234604331367,0.7898675790777069,0.49677054637752605
Canon1DsMkIII_0066.tiff,0.3469880738701842,0.7586414389317624,0.5514185739775227
OlympusEPL6_0099.tiff,0.6203894264419108,0.7494441929835928,0.23119334151797807
PanasonicGX1_0087.tiff,0.2595583328432103,0.7557872960413015,0.6011780393479385
NikonD5200_0117.tiff,0.2608657515247548,0.8069419643320125,0.5298997319129518
OlympusEPL6_0115.tiff,0.3906067554762656,0.8384705618093818,0.3799914203707295
PanasonicGX1_0054.tiff,0.3248192678720535,0.8191014974497812,0.47282679714097153
NikonD5200_0196.tiff,0.31098268287248143,0.7960974820317469,0.5191517794018877
FujifilmXM1_0087.tiff,0.7462073393553739,0.6401605424279212,0.1826720739756452
FujifilmXM1_0088.tiff,0.6880819798803222,0.6927907653591603,0.21583360349362893
OlympusEPL6_0056.tiff,0.39011582526619515,0.8216337545427377,0.41560512060473936
NikonD5200_0069.tiff,0.364361895827208,0.8254000413718491,0.43122520864688885
FujifilmXM1_0108.tiff,0.3848210573237347,0.8331418796305471,0.3972245740710433
Canon1DsMkIII_0108.tiff,0.35366041277574,0.7652683273697444,0.5378556493707275
Canon1DsMkIII_0076.tiff,0.3974634633334888,0.7681930714323939,0.5018985956527608
OlympusEPL6_0043.tiff,0.39863896678589705,0.7990589365241265,0.4501019774682228
NikonD5200_0062.tiff,0.3789677599844215,0.8082543216744447,0.4506754801261917
Canon600D_0198.tiff,0.3637831358714797,0.7784340377096528,0.511568449956171
SamsungNX2000_0199.tiff,0.3334992630157519,0.8103663465989768,0.48175162258966747
FujifilmXM1_0053.tiff,0.4040388548431774,0.7826790719956342,0.4734617978644809
SamsungNX2000_0079.tiff,0.27087502511966355,0.7750103426523468,0.5709515649757987
Canon600D_0190.tiff,0.36707701384097663,0.7787100406081008,0.5087879111827653
OlympusEPL6_0009.tiff,0.3957711806715839,0.7995982181358222,0.45167229503683154
Canon1DsMkIII_0225.tiff,0.3655992091878584,0.7605198287143785,0.5366067539394797
SamsungNX2000_0161.tiff,0.3132182019087174,0.7970855972208668,0.5162837482393998
OlympusEPL6_0193.tiff,0.395983531514662,0.7994199477235082,0.45180171530320706
Canon1DsMkIII_0035.tiff,0.3651675680414503,0.7679216247774463,0.5262594659004814
Canon600D_0060.tiff,0.2991457768129408,0.7510407788947819,0.588599653968724
SamsungNX2000_0142.tiff,0.3177808674054237,0.8155524899833301,0.4836211910090861
Canon600D_0014.tiff,0.3524822916513862,0.7717403015065047,0.5293138398935328
NikonD5200_0182.tiff,0.3230934479734953,0.8025995962028483,0.501442431443155
SamsungNX2000_0124.tiff,0.3363582399426667,0.7928104032631859,0.5082467893654974
SamsungNX2000_0045.tiff,0.6154345453845498,0.7678132386451125,0.17805378656073587
SamsungNX2000_0018.tiff,0.35080144619986725,0.798235497925074,0.4896513404417383
Canon600D_0194.tiff,0.35757273552752095,0.7761046053887991,0.5194260104207934
PanasonicGX1_0016.tiff,0.3309238422347504,0.7777563622682927,0.5344010213236707
PanasonicGX1_0139.tiff,0.3191510166120682,0.7889346963934867,0.5250949184880772
NikonD5200_0194.tiff,0.31310258958470616,0.8017894737020808,0.5090190647273356
SamsungNX2000_0195.tiff,0.3330684225606907,0.8089429933554065,0.48443437057472294
SamsungNX2000_0024.tiff,0.33858499591397484,0.8049048998471757,0.48732771596118124
Canon1DsMkIII_0173.tiff,0.6966486809708466,0.6816639487908732,0.22364005951620894
Canon1DsMkIII_0125.tiff,0.37867144821860277,0.7652118111796617,0.5206330937763828
Canon600D_0013.tiff,0.35712125400358236,0.7814933163602462,0.5115980907149412
PanasonicGX1_0020.tiff,0.3219329847751705,0.7810990107464907,0.535017278902844
NikonD5200_0173.tiff,0.3552804300137817,0.8274031344707229,0.4349481223286812
OlympusEPL6_0010.tiff,0.378243885020857,0.7976668714929867,0.4697436807099379
Canon600D_0050.tiff,0.45638815893207374,0.8037299737566439,0.38174334004896127
NikonD5200_0054.tiff,0.3057682800074269,0.7981712030014732,0.519065014849278
OlympusEPL6_0091.tiff,0.6521328288654242,0.741605887872764,0.1573006058107492
PanasonicGX1_0169.tiff,0.3026474170470479,0.7684006322113477,0.5638838615991342
PanasonicGX1_0100.tiff,0.6263203703276281,0.7391484803613778,0.2477545513045703
Canon1DsMkIII_0009.tiff,0.37754702711662946,0.7896726012047688,0.4836066844263934
Canon1DsMkIII_0172.tiff,0.32685026296583236,0.7720893588046019,0.5450201167111771
FujifilmXM1_0040.tiff,0.41733403102355315,0.7857279554219975,0.4565784561474618
SamsungNX2000_0138.tiff,0.31382659396270274,0.7972215199221401,0.5157040983886028
SamsungNX2000_0169.tiff,0.3147300411716912,0.8051233611368849,0.5027140086925279
Canon1DsMkIII_0205.tiff,0.5260305319875735,0.7984273748212557,0.2929259403892194
Canon600D_0011.tiff,0.35613643928129834,0.7813764943247042,0.5124623017675285
FujifilmXM1_0179.tiff,0.4006958875863287,0.7864912005332307,0.4699727621418094
PanasonicGX1_0179.tiff,0.3021412564563929,0.7852026034052648,0.5405252378497666
SamsungNX2000_0061.tiff,0.4130096086608462,0.8349412369187508,0.36372543772246824
Canon1DsMkIII_0130.tiff,0.6494723165348875,0.7432295965898135,0.16060970334245145
SamsungNX2000_0088.tiff,0.6624634476982324,0.7137883143434504,0.22726289351873336
Canon1DsMkIII_0210.tiff,0.5322435207077075,0.8026498028907031,0.269202764815259
Canon600D_0052.tiff,0.6041311934441832,0.7670866502257124,0.21587860513076002
Canon600D_0042.tiff,0.3676516749433824,0.7800759192007134,0.5062744376269531
NikonD5200_0116.tiff,0.5380233103296962,0.7963207740778726,0.2764129923029906
Canon1DsMkIII_0224.tiff,0.3422719183846289,0.7519950612803142,0.5633412479974481
Canon1DsMkIII_0080.tiff,0.3873768046468287,0.7727897640045905,0.5027277512444904
Canon600D_0015.tiff,0.3530103711668414,0.7726699635639884,0.5276028859423287
PanasonicGX1_0193.tiff,0.31871478768032724,0.78315002840765,0.5339446760844995
SamsungNX2000_0147.tiff,0.3240201852205399,0.8067205878726768,0.49417892779033984
Canon600D_0001.tiff,0.4187474970874677,0.802980665196055,0.42411388211691725
FujifilmXM1_0071.tiff,0.429271982062421,0.792979481635107,0.4323298591607078
SamsungNX2000_0103.tiff,0.3201351885815848,0.8001315585284503,0.5072503820389557
Canon1DsMkIII_0078.tiff,0.34514629708105177,0.7714391570373068,0.5345611850862425
Canon600D_0104.tiff,0.3624501536816426,0.7727275287597113,0.5210777796001891
NikonD5200_0189.tiff,0.3218973666123944,0.8048876005456749,0.49853589224431166
OlympusEPL6_0132.tiff,0.49580633464643475,0.8226800411005771,0.27816115562605137
Canon1DsMkIII_0116.tiff,0.317961700204646,0.7554205944633127,0.5729224054474272
Canon600D_0037.tiff,0.3597369350258526,0.7754450795681201,0.5189164346518594
PanasonicGX1_0041.tiff,0.32649792676138806,0.7826854366533388,0.5299081156873214
SamsungNX2000_0067.tiff,0.3166481430959905,0.7873738547893462,0.5289389059882312
OlympusEPL6_0098.tiff,0.689194452253222,0.7041164605772363,0.1709708072378636
Canon600D_0087.tiff,0.6122092310449866,0.762051787727619,0.2108955434437778
OlympusEPL6_0025.tiff,0.4390247553417218,0.8011201873981332,0.40677230675197323
PanasonicGX1_0196.tiff,0.341263912122593,0.7859201895601797,0.515624279805048
OlympusEPL6_0087.tiff,0.49577299850742124,0.7971585045165325,0.34459752266655375
SamsungNX2000_0125.tiff,0.4980934183205717,0.8215852968726367,0.2773094779996338
PanasonicGX1_0178.tiff,0.3178227109590389,0.7839318422230801,0.5333287833479226
PanasonicGX1_0195.tiff,0.3412401047219295,0.7935220163360717,0.5038630771542024
Canon1DsMkIII_0028.tiff,0.32309597567297843,0.7510014589311655,0.5758522372859092
Canon1DsMkIII_0203.tiff,0.36554869448999866,0.7604681298984334,0.5367144262691634
Canon1DsMkIII_0019.tiff,0.3489008589813893,0.7700440457113866,0.534135149813686
NikonD5200_0155.tiff,0.49456089595707065,0.7478530241944031,0.4428604457314123
OlympusEPL6_0069.tiff,0.49250762772201023,0.8014052971565104,0.33939031560302824
PanasonicGX1_0032.tiff,0.3036206012567123,0.7830439997290296,0.5428228301949688
Canon1DsMkIII_0065.tiff,0.5101846446876351,0.739333270987726,0.4394291100229266
SamsungNX2000_0022.tiff,0.3578932530028408,0.8106529093070878,0.46341588242851495
SamsungNX2000_0058.tiff,0.30275528401040036,0.7932493181788437,0.5282941957021499
SamsungNX2000_0074.tiff,0.32388569152450475,0.8124950899823323,0.48471619281832873
NikonD5200_0150.tiff,0.3116841369100049,0.7984584654081759,0.515089388181009
PanasonicGX1_0177.tiff,0.3931405828065256,0.810369480592725,0.4344442278065423
Canon600D_0179.tiff,0.3671366322686884,0.7789404943211929,0.5083919743200729
Canon1DsMkIII_0188.tiff,0.37159788899567947,0.7663524909082311,0.524040903530158
Canon1DsMkIII_0160.tiff,0.32544161178036213,0.7534009926204338,0.5713796475552356
NikonD5200_0077.tiff,0.2963116052050522,0.7968925990396607,0.5264614118970355
Canon1DsMkIII_0178.tiff,0.6471695725377425,0.7256500778746214,0.23367393706160663
OlympusEPL6_0094.tiff,0.707635243949309,0.6813512021665354,0.1871173450726013
PanasonicGX1_0116.tiff,0.5667308794532853,0.7711102044448725,0.2901812586558489
SamsungNX2000_0188.tiff,0.323743062531005,0.8122364479294818,0.48524466212205164
Canon600D_0130.tiff,0.573969542304407,0.7733579472399593,0.2692145054555305
PanasonicGX1_0049.tiff,0.306789606792547,0.8098379134996911,0.5000426892001736
Canon1DsMkIII_0113.tiff,0.3704591904914114,0.7777342011558823,0.5078282195121396
OlympusEPL6_0065.tiff,0.510661628590378,0.8041647159675027,0.30421014230023413
FujifilmXM1_0193.tiff,0.4229414481264045,0.7850701036695533,0.45253227926968564
OlympusEPL6_0037.tiff,0.6381127198044629,0.7508402053428793,0.17044395813408572
PanasonicGX1_0075.tiff,0.37645768553463993,0.7949978943384529,0.4756658060017856
PanasonicGX1_0009.tiff,0.3114707631806674,0.7791759195178414,0.5439401163061786
Canon600D_0180.tiff,0.3764938883099265,0.7858695535492717,0.4905725194805975
FujifilmXM1_0140.tiff,0.37880862991432973,0.7851763833204449,0.4899000601941728
FujifilmXM1_0065.tiff,0.5295450340364897,0.7801139904344072,0.3331729563692084
Canon600D_0066.tiff,0.4484504910447639,0.7962982567816219,0.40595719396047225
NikonD5200_0162.tiff,0.27079661303482555,0.7798168280171062,0.5644066876908939
PanasonicGX1_0103.tiff,0.3220152135723807,0.7874957125412406,0.5255061416930327
PanasonicGX1_0189.tiff,0.333539561786168,0.7941320565359741,0.5080409801437633
NikonD5200_0029.tiff,0.3155659299021465,0.80614071390845,0.5005549852555343
FujifilmXM1_0146.tiff,0.4260946955602213,0.7815539822956499,0.4556497373786726
PanasonicGX1_0033.tiff,0.31744702879487285,0.7866749144946853,0.5294997288139881
Canon1DsMkIII_0238.tiff,0.31940609817665033,0.7472344498628073,0.582769612613592
OlympusEPL6_0143.tiff,0.4021436935646713,0.7980765169819248,0.4487252196703048
SamsungNX2000_0193.tiff,0.33675047967117666,0.8402227833653645,0.42499975147638896
PanasonicGX1_0005.tiff,0.3319661584443329,0.7894463731328117,0.5163069761248258
Canon1DsMkIII_0083.tiff,0.4173147400331796,0.7880293340959871,0.4526126117943193
NikonD5200_0163.tiff,0.30877813288189826,0.7909956106527963,0.5281874748439032
OlympusEPL6_0014.tiff,0.41212816276677916,0.7983862544089814,0.4390099841977136
FujifilmXM1_0010.tiff,0.41344851791458126,0.7839585506023345,0.46310831775268646
NikonD5200_0197.tiff,0.32553094712610625,0.8052863779482258,0.49552341211511647
Canon1DsMkIII_0149.tiff,0.3616130403802159,0.7617447499088551,0.5375694792427044
Canon600D_0129.tiff,0.5650235823667511,0.7847195223819537,0.2548796236698447
Canon600D_0121.tiff,0.5072379332800209,0.8033282044701691,0.3120472319129708
PanasonicGX1_0134.tiff,0.5730873592069172,0.7797352120027029,0.25215843805104343
FujifilmXM1_0172.tiff,0.38151370254036415,0.7775107956401309,0.4999242516991882
Canon1DsMkIII_0143.tiff,0.32561221007213326,0.7535068270419252,0.5711428457515259
OlympusEPL6_0030.tiff,0.4164644217283893,0.8018753521825458,0.42843121384483246
Canon1DsMkIII_0201.tiff,0.570441251618396,0.7726099177447134,0.27869462401443085
Canon1DsMkIII_0234.tiff,0.36079796623174104,0.7587577068400617,0.5423205416299944
NikonD5200_0108.tiff,0.322886224127509,0.8010575268007656,0.5040350434488865
Canon1DsMkIII_0199.tiff,0.6062486789881938,0.7499555960514711,0.2646302008013308
OlympusEPL6_0145.tiff,0.4153403270487159,0.8027600512094736,0.42786529762207787
Canon1DsMkIII_0182.tiff,0.6739297341909336,0.7090892976639881,0.20739113122727781
PanasonicGX1_0154.tiff,0.3313466199683289,0.791000432682664,0.5143225961703435
Canon1DsMkIII_0249.tiff,0.3481894034645477,0.7654503790498853,0.5411560371347522
FujifilmXM1_0187.tiff,0.42193529303308736,0.8116184973085003,0.4040371558653668
FujifilmXM1_0043.tiff,0.4009034614683198,0.7863696752902136,0.46999909400623685
PanasonicGX1_0007.tiff,0.41634114803010247,0.811574707199428,0.4098860123145691
SamsungNX2000_0016.tiff,0.3222404851604517,0.7990648431547809,0.507598705827332
SamsungNX2000_0031.tiff,0.2921382814617674,0.7888222943322765,0.5407537447571941
NikonD5200_0126.tiff,0.4551761684135477,0.8357823137529813,0.3070546852371333
OlympusEPL6_0002.tiff,0.42323184403400105,0.7994566576523907,0.42631427225797547
Canon1DsMkIII_0220.tiff,0.6227899849614682,0.7556537845044258,0.20278065143359536
Canon1DsMkIII_0077.tiff,0.32402817301358383,0.7441858831630206,0.584117380664498
Canon1DsMkIII_0051.tiff,0.35554102479853644,0.7629905265413442,0.5398481602204168
Canon1DsMkIII_0107.tiff,0.367351126615193,0.7681502365014709,0.5244028641581613
FujifilmXM1_0115.tiff,0.40440509245462986,0.7792055477217494,0.47884782091642747
NikonD5200_0004.tiff,0.25535065718220185,0.7784548425299724,0.573414422576075
SamsungNX2000_0139.tiff,0.326346480769021,0.8049905524218743,0.495467642738858
OlympusEPL6_0158.tiff,0.4065180156415205,0.799670223184235,0.4418943732515229
OlympusEPL6_0157.tiff,0.41553841444206874,0.7988911278986054,0.43485720861895094
Canon1DsMkIII_0109.tiff,0.38539371296994623,0.7686948445011789,0.5104702949639157
Canon1DsMkIII_0239.tiff,0.38283293914710365,0.7767609316233567,0.5000813891834059
PanasonicGX1_0160.tiff,0.5553949191449209,0.7776575513454662,0.29459330715985477
SamsungNX2000_0012.tiff,0.3172027965986661,0.7930621265165848,0.5200335078771153
FujifilmXM1_0027.tiff,0.4277465463481054,0.7843201933490652,0.44930471441122594
OlympusEPL6_0092.tiff,0.3726036613371838,0.8204044912407525,0.43370840700881896
NikonD5200_0080.tiff,0.3847472904988012,0.818026518233605,0.4275536667138253
OlympusEPL6_0012.tiff,0.39953084949571605,0.801909577404746,0.44420280274641816
PanasonicGX1_0111.tiff,0.339850073772377,0.821734230187935,0.45744374768309143
Canon600D_0103.tiff,0.3499722803811634,0.7669811631353028,0.5378283168079071
OlympusEPL6_0051.tiff,0.368582701712579,0.833953927622244,0.41069165879244385
Canon1DsMkIII_0236.tiff,0.3748392185633649,0.7716795724488958,0.5138153342319549
NikonD5200_0157.tiff,0.7578072142734067,0.6189313207163648,0.20652420253199255
Canon1DsMkIII_0257.tiff,0.3555155372518251,0.7611092832165965,0.5425139277235793
Canon600D_0028.tiff,0.36415079404132433,0.7843824242020233,0.5021338584501449
NikonD5200_0013.tiff,0.3162297510019823,0.7970666468837552,0.5144740080963387
PanasonicGX1_0109.tiff,0.3326086255162511,0.7749397850258646,0.5374382120916386
SamsungNX2000_0001.tiff,0.33762239090624924,0.8122385346664532,0.47568864182534454
Canon1DsMkIII_0046.tiff,0.3447087785298466,0.7698281559571282,0.537159630184649
OlympusEPL6_0151.tiff,0.38490972933198275,0.7925587836684943,0.4729641367963292
SamsungNX2000_0154.tiff,0.5042654625764421,0.7529783720600435,0.4227764355571085
NikonD5200_0020.tiff,0.3065220455189655,0.7972810719534811,0.5199876228484458
SamsungNX2000_0183.tiff,0.3392551696470637,0.8098464729661288,0.47859651073954074
NikonD5200_0065.tiff,0.4102992779744754,0.8222467052542819,0.39441711194128276
SamsungNX2000_0097.tiff,0.5756119396990339,0.7778395752556247,0.2522627400986226
NikonD5200_0068.tiff,0.2995622620304518,0.7951776863999084,0.5272142811219059
NikonD5200_0055.tiff,0.2872864050674347,0.7906459591207138,0.5406898267856686
NikonD5200_0061.tiff,0.4306218376829845,0.8340030607138185,0.34496916910140313
Canon1DsMkIII_0053.tiff,0.35295743120121614,0.7662458663783577,0.5369248774436877
PanasonicGX1_0201.tiff,0.34016441046714024,0.7826032765238333,0.5213638704644804
SamsungNX2000_0140.tiff,0.32440677438819393,0.8032540937769641,0.499542896618094
OlympusEPL6_0104.tiff,0.679635200933724,0.7095374410753711,0.18615212425323288
FujifilmXM1_0076.tiff,0.39312657568650705,0.7818228993338421,0.4839467424895288
FujifilmXM1_0028.tiff,0.408910814935652,0.7892670959383731,0.45809321834935296
SamsungNX2000_0052.tiff,0.3189579987088318,0.8352544446324163,0.44790156036951995
FujifilmXM1_0188.tiff,0.4329445452415019,0.7828751811270042,0.4468394247612777
PanasonicGX1_0122.tiff,0.49152439026862677,0.8056131731031836,0.3307433885864912
SamsungNX2000_0132.tiff,0.5934685526536353,0.7728617136002759,0.22467720993025622
PanasonicGX1_0127.tiff,0.5351631412384925,0.7894411797005222,0.30063771561931013
SamsungNX2000_0155.tiff,0.48526802030115107,0.761899478430965,0.428980341320701
OlympusEPL6_0187.tiff,0.41161426308862026,0.8025638809905387,0.4318158349938277
Canon1DsMkIII_0055.tiff,0.33682698578238857,0.7545632567934197,0.5631890207967999
OlympusEPL6_0080.tiff,0.3977783363363326,0.8040498281411318,0.4419007456519123
Canon600D_0058.tiff,0.3564916451745466,0.7757096324566891,0.520757403245171
FujifilmXM1_0118.tiff,0.3732843106405266,0.7748745405713301,0.510125739209459
FujifilmXM1_0057.tiff,0.3792884179309809,0.7793660172636837,0.4987272873604945
SamsungNX2000_0178.tiff,0.3289625559558551,0.8124850719590434,0.4813020305615789
PanasonicGX1_0141.tiff,0.3348291670161558,0.788383863239158,0.5160816922730045
SamsungNX2000_0002.tiff,0.34111525221124156,0.811003124208088,0.4753044468901818
FujifilmXM1_0139.tiff,0.39011563304144636,0.7848194776898335,0.48152692582588646
SamsungNX2000_0008.tiff,0.30575382142322366,0.7942058562481461,0.5251206133701521
Canon1DsMkIII_0193.tiff,0.3855115506420251,0.7746626438827032,0.5012770017607447
OlympusEPL6_0186.tiff,0.40447810567974457,0.7953810499179115,0.45140497057210865
SamsungNX2000_0158.tiff,0.5566247146766709,0.7871025057882161,0.2657791797583592
PanasonicGX1_0123.tiff,0.5957215302578736,0.7479447080149235,0.29273635261048175
OlympusEPL6_0101.tiff,0.6425316387537553,0.7366722756679907,0.21087212111267334
NikonD5200_0092.tiff,0.6621360434594565,0.7248448867330216,0.19019923798178007
Canon1DsMkIII_0194.tiff,0.36802555285816163,0.8183315501229953,0.4414642301667715
PanasonicGX1_0099.tiff,0.5942245917725961,0.7605536743639314,0.2616395286347508
Canon1DsMkIII_0162.tiff,0.3395666796268649,0.7656655349921543,0.5463064694952499
Canon600D_0045.tiff,0.3494213175930367,0.7779758519737399,0.5221669431870233
Canon600D_0016.tiff,0.35463726762106035,0.7762550708149736,0.521210584551301
FujifilmXM1_0171.tiff,0.3995015869474794,0.779188383682585,0.48297406220268857
SamsungNX2000_0197.tiff,0.3143116022003504,0.8059308759478669,0.5016808147778354
FujifilmXM1_0162.tiff,0.36819516546927944,0.7770556330545574,0.5105064772000755
FujifilmXM1_0007.tiff,0.5161766171117494,0.7843277071040252,0.34408101926147133
SamsungNX2000_0165.tiff,0.3378817818229499,0.8101551341849559,0.47904546763945544
Canon1DsMkIII_0034.tiff,0.3266984435969904,0.7564939015240627,0.5665554729311209
NikonD5200_0139.tiff,0.3243957886389856,0.7983508785351088,0.5073492357888308
Canon600D_0189.tiff,0.3000333192453321,0.7430830784506995,0.5981701646378397
OlympusEPL6_0006.tiff,0.4180844372136477,0.8023911721185125,0.4258800421081356
PanasonicGX1_0150.tiff,0.3216029297056022,0.7870503652023711,0.5264249977343285
Canon600D_0170.tiff,0.36958033077118024,0.7881871996940376,0.4921090502577008
NikonD5200_0111.tiff,0.39712908884887654,0.8259096836183879,0.4002020505887439
SamsungNX2000_0100.tiff,0.3225419495712265,0.7931840897486024,0.5165517307457922
Canon1DsMkIII_0079.tiff,0.35805482124662125,0.7602908792328462,0.5419912581743326
OlympusEPL6_0077.tiff,0.45117476292422726,0.8051967677403309,0.384836976550839
SamsungNX2000_0059.tiff,0.2612560680629758,0.7650677555428348,0.5885716577689781
NikonD5200_0081.tiff,0.35915963034320064,0.8224825246096158,0.4410519885949142
Canon1DsMkIII_0071.tiff,0.3646871775339704,0.766384881805401,0.5288265079233718
Canon1DsMkIII_0228.tiff,0.369260950527154,0.7694295175699231,0.5211761390431244
PanasonicGX1_0175.tiff,0.37262417014499194,0.7920224992053172,0.4835820391374349
NikonD5200_0154.tiff,0.47216531922541566,0.7302847016208642,0.493704532994469
PanasonicGX1_0052.tiff,0.3135729094137925,0.8087372126830439,0.49761044131271076
NikonD5200_0056.tiff,0.30660951277880444,0.7955120837636561,0.5226386239645421
PanasonicGX1_0148.tiff,0.31220902026887026,0.7826977096724135,0.5384327469018861
FujifilmXM1_0105.tiff,0.4250740759056767,0.7829892378028149,0.4541364150537834
OlympusEPL6_0116.tiff,0.39877056383738035,0.8287751254224877,0.3925733420620376
FujifilmXM1_0101.tiff,0.40846221486377293,0.7789656451951259,0.4757847650296531
Canon600D_0027.tiff,0.3829335972493983,0.7876198082960366,0.4827182383931129
Canon600D_0186.tiff,0.35335485721599597,0.7809866895739341,0.5149758592305184
NikonD5200_0064.tiff,0.3159286148541308,0.7954078799967613,0.5172189234312761
OlympusEPL6_0078.tiff,0.3985020988377966,0.8027013363979094,0.44369656497079324
OlympusEPL6_0196.tiff,0.3799682560454149,0.7915261465336553,0.47865486913995636
OlympusEPL6_0111.tiff,0.3974526801259952,0.7969542674999954,0.45485740905717836
Canon1DsMkIII_0011.tiff,0.4145084391973351,0.7757372972852307,0.47583022122895363
Canon600D_0006.tiff,0.41181039813622566,0.7931258803730746,0.4487354831850482
PanasonicGX1_0028.tiff,0.3374528592249236,0.7958435362969193,0.5027510651757371
Canon1DsMkIII_0056.tiff,0.3563997662605812,0.7667316139389403,0.5339492848538999
SamsungNX2000_0143.tiff,0.3035644310961374,0.7914103285988713,0.5305830076060722
FujifilmXM1_0154.tiff,0.6105730734720968,0.7352384096542753,0.29432125801560743
NikonD5200_0097.tiff,0.5839203890600705,0.7735392852326566,0.24632083436381652
OlympusEPL6_0172.tiff,0.4251970431754054,0.7985853642146935,0.4259916554781066
Canon600D_0078.tiff,0.33503853744579526,0.7743872134245048,0.5367249035686837
PanasonicGX1_0034.tiff,0.591388968975443,0.7679075222151928,0.24612420583820277
SamsungNX2000_0066.tiff,0.4160306340095893,0.8265186270118565,0.3791905467809225
SamsungNX2000_0166.tiff,0.3365630677425709,0.7976663154039614,0.5004535449985121
FujifilmXM1_0003.tiff,0.42483177372662073,0.7850954196160492,0.4507140403073694
Canon600D_0002.tiff,0.3696945988199615,0.7844165228276466,0.49801267284912754
OlympusEPL6_0208.tiff,0.4246418357963001,0.7969280476341831,0.42963356268512976
OlympusEPL6_0195.tiff,0.3836361469136255,0.7949040154846013,0.4700541595898541
NikonD5200_0143.tiff,0.290832712880956,0.7931784160831092,0.5350554488818832
Canon1DsMkIII_0138.tiff,0.3476559861739646,0.7592102873523343,0.5502136447379273
SamsungNX2000_0083.tiff,0.35114926955955184,0.8058605873189683,0.4767419682529753
PanasonicGX1_0061.tiff,0.25513901676889855,0.7721062103101567,0.5820275613084728
PanasonicGX1_0019.tiff,0.34310622432974436,0.7809770092454321,0.5218745345926045
OlympusEPL6_0154.tiff,0.4021170718414008,0.7951728576287721,0.4538744176798142
Canon600D_0177.tiff,0.34290948097786994,0.7792205322355864,0.524622197393493
NikonD5200_0107.tiff,0.3007232919116998,0.7947477283802611,0.5272016217124198
OlympusEPL6_0095.tiff,0.6372468721514543,0.7399543815681896,0.21536930405985463
FujifilmXM1_0130.tiff,0.6599842880522439,0.7279180928652104,0.18589241405621643
Canon1DsMkIII_0048.tiff,0.3487882303559045,0.7642269855421973,0.5424978202115498
SamsungNX2000_0174.tiff,0.370834183858739,0.8278448570968303,0.42089773183060947
PanasonicGX1_0174.tiff,0.32187483742240963,0.7730978710081591,0.546549422172368
PanasonicGX1_0004.tiff,0.27775976705213057,0.7726123901660913,0.5708936909521649
Canon1DsMkIII_0099.tiff,0.2908201110844455,0.7244620447310886,0.6249627258748165
NikonD5200_0178.tiff,0.30882113193431554,0.7910290405533444,0.5281122659738776
Canon1DsMkIII_0156.tiff,0.3561525316009895,0.7718475917049307,0.5266940947205548
SamsungNX2000_0187.tiff,0.31170339426350463,0.7978895021470943,0.5159586576151933
OlympusEPL6_0075.tiff,0.39823701921800364,0.8083644836097664,0.4335367783276008
Canon1DsMkIII_0126.tiff,0.3695162799503307,0.7686071542492036,0.5222075844801661
NikonD5200_0142.tiff,0.3098230080755643,0.8203930077810889,0.480588198409935
Canon1DsMkIII_0121.tiff,0.36369356344607245,0.7634559100438214,0.5337247093090766
FujifilmXM1_0058.tiff,0.3251058372119337,0.7642334888545239,0.5570039220005278
NikonD5200_0184.tiff,0.27811856092808324,0.7929832526587834,0.5420586933810658
Canon600D_0034.tiff,0.5516386172858704,0.7901203281993279,0.2672165842254545
FujifilmXM1_0011.tiff,0.40228684298941136,0.7946929565018896,0.454563967824
OlympusEPL6_0155.tiff,0.40667286553347176,0.8052787080633624,0.4314433714621151
OlympusEPL6_0018.tiff,0.39591152762387494,0.7995101762275443,0.45170514763851316
PanasonicGX1_0098.tiff,0.2939624989516657,0.7794989412325789,0.5531432453057531
Canon1DsMkIII_0095.tiff,0.34664796928805663,0.7677517396456964,0.5388807397369788
PanasonicGX1_0136.tiff,0.6126684536112892,0.7559402050068109,0.23063341562707787
PanasonicGX1_0159.tiff,0.722357514452065,0.6531935780763056,0.2270193182848284
FujifilmXM1_0090.tiff,0.7048939085439698,0.6819541744105777,0.19509762095318614
NikonD5200_0187.tiff,0.29016396913923787,0.7909434888065467,0.5387144591784145
SamsungNX2000_0093.tiff,0.5819947754217325,0.7743115755340058,0.24844247900842728
OlympusEPL6_0032.tiff,0.4073239571098196,0.8011166853991167,0.4385193842232413
FujifilmXM1_0157.tiff,0.35695979253551696,0.7749805946918927,0.5215216048870852
PanasonicGX1_0176.tiff,0.3773541463460285,0.8012832570545211,0.46427253870927876
SamsungNX2000_0014.tiff,0.32838966695916677,0.7959090448641691,0.5086148040883727
Canon1DsMkIII_0161.tiff,0.3413963144266158,0.7662715085262741,0.5443128987235114
Canon1DsMkIII_0237.tiff,0.3743278172332468,0.7765664465722509,0.5067773074078401
FujifilmXM1_0153.tiff,0.6363372387856986,0.7349941750315436,0.23421887456883914
Canon600D_0144.tiff,0.3483321905760542,0.7766359056961843,0.5248822296400928
NikonD5200_0132.tiff,0.5890672362560163,0.7800636785186614,0.2109512944393401
SamsungNX2000_0095.tiff,0.5858226090720948,0.7688776654895215,0.25620110501585897
Canon1DsMkIII_0245.tiff,0.3576504896003778,0.7652109388457288,0.5352927669597717
OlympusEPL6_0177.tiff,0.41434857457327545,0.8038550544408708,0.42676962192611545
SamsungNX2000_0159.tiff,0.5393049593593362,0.7766300958446724,0.32557004628607955
OlympusEPL6_0175.tiff,0.3983344281827016,0.7995996290593265,0.44941085493404326
NikonD5200_0158.tiff,0.5597248295871493,0.788228783569734,0.25574107979715377
SamsungNX2000_0065.tiff,0.4198592182425611,0.8213110002452694,0.3862207629489393
SamsungNX2000_0115.tiff,0.5494659577246881,0.7905061933682634,0.27053118036209645
NikonD5200_0096.tiff,0.26418161385141675,0.7925938427191788,0.5495480646736068
SamsungNX2000_0076.tiff,0.32147005532607464,0.8012129870534533,0.5046927311796096
OlympusEPL6_0180.tiff,0.4466453198866289,0.8098128245280709,0.3804091842388126
NikonD5200_0014.tiff,0.32312236320996673,0.7966756583976575,0.5107835487858486
PanasonicGX1_0147.tiff,0.30975270951924483,0.7864539067523881,0.5343627152968221
SamsungNX2000_0068.tiff,0.3048427731890021,0.7889401792806501,0.533520643603464
Canon600D_0167.tiff,0.3237171742713571,0.7601350026775823,0.563384388127786
Canon1DsMkIII_0086.tiff,0.3320525445673539,0.7540367710373187,0.5667183211878365
Canon1DsMkIII_0068.tiff,0.587366137004546,0.763299302452569,0.26902638527805894
Canon600D_0159.tiff,0.5624920551427602,0.771801502472462,0.2965217170504115
SamsungNX2000_0032.tiff,0.31945566326054275,0.8006471168657778,0.5068651432731238
FujifilmXM1_0147.tiff,0.42153709533412137,0.7823833306306828,0.45845697857979184
Canon1DsMkIII_0005.tiff,0.3248608675679787,0.7542796037704196,0.5705503448942251
FujifilmXM1_0178.tiff,0.41877900676661084,0.7823785807044626,0.4609857914799997
OlympusEPL6_0048.tiff,0.39375201317678843,0.8038363117298533,0.4458772656951378
Canon1DsMkIII_0139.tiff,0.3480668256431821,0.7637787284553081,0.5435913344102088
PanasonicGX1_0151.tiff,0.3312595514731179,0.788556259938851,0.5181178770020197
PanasonicGX1_0067.tiff,0.4241141418152292,0.8016974791158681,0.4211987021485156
SamsungNX2000_0060.tiff,0.2832906404266546,0.7879348221141945,0.5467221681499012
Canon1DsMkIII_0180.tiff,0.3180681943044277,0.7550671577266883,0.573329060047074
FujifilmXM1_0117.tiff,0.5065365408861402,0.7913173280849712,0.34239979412897714
FujifilmXM1_0138.tiff,0.3864635876345354,0.7816664692411274,0.4895338867706235
Canon600D_0192.tiff,0.3675347745333778,0.7769727036790215,0.5111082148101426
Canon600D_0133.tiff,0.5995395798547517,0.7619174035005792,0.24501869812429308
SamsungNX2000_0134.tiff,0.6149767539651004,0.759837944899102,0.21083142454116677
OlympusEPL6_0076.tiff,0.41086886930898997,0.8127946113840828,0.41297904539788705
SamsungNX2000_0120.tiff,0.4630642967460893,0.8379705615890248,0.2887504025784625
Canon1DsMkIII_0141.tiff,0.346346968778877,0.7615983402043058,0.5477332794487935
NikonD5200_0164.tiff,0.3290163596590568,0.804613002922217,0.49431381793876117
Canon1DsMkIII_0010.tiff,0.3176457762954909,0.7754611994073323,0.5456748931510197
OlympusEPL6_0026.tiff,0.40964041357307207,0.804584628838499,0.4299282575087353
OlympusEPL6_0083.tiff,0.3594468230968611,0.7881119516535225,0.49967742897438316
NikonD5200_0191.tiff,0.3254240268748888,0.8342946631316315,0.4450299066384294
FujifilmXM1_0122.tiff,0.6021468135201004,0.7669757492199489,0.22173726587131848
Canon600D_0040.tiff,0.3506128947504628,0.7744641666367887,0.5265698933952504
SamsungNX2000_0131.tiff,0.47180710873417453,0.8095362207479927,0.3493553483846441
Canon600D_0088.tiff,0.33254910329289883,0.7850311912331619,0.5226252220187346
FujifilmXM1_0013.tiff,0.4142208139132988,0.7830788100288123,0.46390591137089826
Canon1DsMkIII_0146.tiff,0.48504131398543304,0.7994563951782077,0.3544071048045597
Canon1DsMkIII_0020.tiff,0.3446907905155965,0.7694667254523988,0.5376887736928269
NikonD5200_0049.tiff,0.436517296913739,0.8290731912728045,0.3494142140895967
NikonD5200_0133.tiff,0.578806044974046,0.7881678339819318,0.20922482591158365
OlympusEPL6_0103.tiff,0.6174920426749685,0.7518912795198329,0.23100450431782402
FujifilmXM1_0142.tiff,0.4115363558387801,0.7811977544214352,0.46943359094747794
SamsungNX2000_0099.tiff,0.32505733788316193,0.8209540317925756,0.4694381799255645
PanasonicGX1_0084.tiff,0.4281686427814519,0.7953909044495825,0.428981261196296
NikonD5200_0011.tiff,0.3220772785319296,0.7987916039597927,0.5081320695417756
FujifilmXM1_0019.tiff,0.35753229203468273,0.7900310323992186,0.4980176984793325
SamsungNX2000_0055.tiff,0.2997703801215188,0.7949861847013019,0.5273847602423375
Canon600D_0054.tiff,0.3509128548028048,0.7703274206648151,0.5324057036753446
Canon600D_0020.tiff,0.3430662298590479,0.7698345027238253,0.5382010779868988
OlympusEPL6_0134.tiff,0.5999729139756751,0.7758558422653147,0.1951415243312307
NikonD5200_0042.tiff,0.36124498972602037,0.8105980113169315,0.4609044602158708
PanasonicGX1_0057.tiff,0.3078126323991214,0.7860692322615812,0.5360471485114083
FujifilmXM1_0185.tiff,0.35957297086130335,0.7659131889475205,0.5329955587265396
Canon600D_0012.tiff,0.35284870732098755,0.7767550055245734,0.5216794524748202
NikonD5200_0100.tiff,0.3037481005677102,0.7955182869636579,0.524297383655417
NikonD5200_0146.tiff,0.30860332879524494,0.7998363651067416,0.5148065408571741
Canon1DsMkIII_0177.tiff,0.5971310379439847,0.7525936409166485,0.277556003674506
OlympusEPL6_0149.tiff,0.40327258694042134,0.7987079637016394,0.446583485299178
PanasonicGX1_0187.tiff,0.3111483613712537,0.7748133761776651,0.5503189341755851
Canon1DsMkIII_0012.tiff,0.33760619454360324,0.7853672852670928,0.5188644183579981
NikonD5200_0005.tiff,0.32416545596849866,0.8020731907968425,0.5015928166966782
FujifilmXM1_0152.tiff,0.790264789256818,0.5859655060133186,0.17923724117334736
NikonD5200_0026.tiff,0.32423182367153275,0.8070511540388767,0.4934999080882888
SamsungNX2000_0128.tiff,0.5761789524793723,0.786106748301612,0.22372750164975128
NikonD5200_0104.tiff,0.32920123709021065,0.8011577717082916,0.4997727186728782
FujifilmXM1_0072.tiff,0.4490833943129509,0.7892809489647207,0.4187597026382896
OlympusEPL6_0059.tiff,0.3773926946364037,0.790465373096901,0.4824305628480136
NikonD5200_0039.tiff,0.3101976392259249,0.7987167629382174,0.515586032801664
SamsungNX2000_0106.tiff,0.3318406042642407,0.7970881220430419,0.5045119810861188
Canon600D_0173.tiff,0.4108146896102128,0.7941584881218701,0.44782093133801854
PanasonicGX1_0133.tiff,0.4790752906694255,0.7965541305661387,0.36876602737783276
OlympusEPL6_0190.tiff,0.4154177296180818,0.7953746671087607,0.4413697416459202
SamsungNX2000_0009.tiff,0.32571667681583566,0.8004681544918658,0.5031494609839456
Canon1DsMkIII_0192.tiff,0.3485913912474432,0.7604992565780697,0.5478365839302586
SamsungNX2000_0075.tiff,0.2928600054570154,0.7994317326162809,0.5245397240341748
OlympusEPL6_0028.tiff,0.3955007060679193,0.8015367081218091,0.4484619237271223
PanasonicGX1_0138.tiff,0.6117563329562662,0.7497377250009285,0.2522846265596346
NikonD5200_0058.tiff,0.28484881018182545,0.7914563244885132,0.5407938995265495
Canon1DsMkIII_0142.tiff,0.36845960399221866,0.7669515750953678,0.5253787221468262
Canon600D_0164.tiff,0.3732883517629291,0.7807948024374596,0.5010142542131555
OlympusEPL6_0192.tiff,0.37582956982727334,0.7994906003056214,0.46857967782054316
Canon1DsMkIII_0064.tiff,0.49423228518138757,0.7092650561636833,0.5026703973674111
Canon1DsMkIII_0190.tiff,0.35494784537495355,0.7661779301207043,0.5357083221862725
NikonD5200_0175.tiff,0.29770704743606846,0.7968965250077935,0.5256676158347608
PanasonicGX1_0102.tiff,0.3131738865330379,0.7822767265625891,0.5384842057779526
PanasonicGX1_0089.tiff,0.299397059044119,0.8002309506813687,0.5196073773603732
FujifilmXM1_0014.tiff,0.4022229758891829,0.7857211579142326,0.46995631677079036
SamsungNX2000_0137.tiff,0.32302097808463426,0.8063223741451506,0.4954812576376368
SamsungNX2000_0037.tiff,0.30749478826680543,0.794177104889577,0.5241466219083764
FujifilmXM1_0158.tiff,0.43018822725585765,0.7833728790823655,0.4486257030628853
SamsungNX2000_0152.tiff,0.3266323814845501,0.8030386458156664,0.49843778016144824
Canon1DsMkIII_0008.tiff,0.3532729757648416,0.7615602289999861,0.5433453986183582
NikonD5200_0002.tiff,0.327322697867118,0.8045264544242088,0.4955774768818727
OlympusEPL6_0071.tiff,0.4200826484503443,0.7951936916262474,0.43726143354835795
Canon1DsMkIII_0017.tiff,0.35415967556845673,0.7606945256509109,0.5439804802067637
OlympusEPL6_0167.tiff,0.3915032301116634,0.7983449362116501,0.45757030458427955
Canon600D_0183.tiff,0.35076688088376645,0.7765980077242067,0.5233145609228419
FujifilmXM1_0169.tiff,0.46754377378745465,0.7911496327986844,0.39431596228797555
Canon600D_0108.tiff,0.34558210405324,0.7699582709112344,0.5364114749085054
SamsungNX2000_0056.tiff,0.31144672222995595,0.7958253509419365,0.5192908144867965
FujifilmXM1_0190.tiff,0.40541084038781433,0.7832370552175372,0.47136160835414553
NikonD5200_0101.tiff,0.32693022458099213,0.8125365782579305,0.4825981115258494
Canon1DsMkIII_0062.tiff,0.3648066928619134,0.7680536193156775,0.526317123699431
NikonD5200_0091.tiff,0.6192988835986885,0.7529518058784878,0.22255891534095468
OlympusEPL6_0140.tiff,0.6507519455791939,0.7404902873100125,0.16791676427453248
NikonD5200_0047.tiff,0.2816587926819558,0.8359840248163029,0.4709554488026211
NikonD5200_0151.tiff,0.32180744232097913,0.8008869695348915,0.5049950812592611
Canon600D_0139.tiff,0.35006683231239827,0.7759303629853036,0.5247716500653005
SamsungNX2000_0104.tiff,0.29990410332788087,0.7881931687575007,0.5374095807957929
FujifilmXM1_0100.tiff,0.39945623822287435,0.7945462796375169,0.4573083459319446
NikonD5200_0118.tiff,0.32183600356112774,0.7971800935290283,0.5108086582007509
NikonD5200_0028.tiff,0.3421766624676273,0.8115088486155937,0.4736755432583671
Canon1DsMkIII_0001.tiff,0.5072925830119974,0.809736795789161,0.2949246628651431
FujifilmXM1_0052.tiff,0.39882101331664155,0.7806587270001796,0.4811587589305077
SamsungNX2000_0114.tiff,0.5683256015291107,0.7800076335508437,0.2619047579731752
Canon1DsMkIII_0026.tiff,0.3716603138709164,0.7755054528198798,0.5103527248286279
NikonD5200_0074.tiff,0.31987233681238364,0.8116066973457708,0.488851978584188
Canon600D_0113.tiff,0.29840882378942063,0.7620916450215197,0.574602905033562
SamsungNX2000_0116.tiff,0.522095239034906,0.8067764581592438,0.2766375027669069
Canon1DsMkIII_0023.tiff,0.30570533058154553,0.7358835156344048,0.6041686041756694
Canon600D_0127.tiff,0.48921646793847295,0.8069477709905163,0.3309116836729137
OlympusEPL6_0100.tiff,0.6587317309278674,0.7246113156590707,0.20251159939027327
Canon1DsMkIII_0175.tiff,0.6454193917879574,0.7284063157131887,0.22990878176616406
OlympusEPL6_0139.tiff,0.6117353083200086,0.7663704111095396,0.196102793275413
OlympusEPL6_0147.tiff,0.3974176356150976,0.7954968463667718,0.4574319515759982
SamsungNX2000_0081.tiff,0.35691365625981386,0.8247417697636499,0.43864980928113306
FujifilmXM1_0155.tiff,0.41820959655174283,0.7833796781465692,0.4598010583056614
PanasonicGX1_0086.tiff,0.3479948920050082,0.8010239506620489,0.48709361071993784
OlympusEPL6_0207.tiff,0.4040616099049427,0.7992619324106847,0.4448759139357448
NikonD5200_0177.tiff,0.289649895768685,0.8028921106740049,0.521025139987152
FujifilmXM1_0063.tiff,0.41118711008220543,0.7773847836885764,0.47602317022568297
OlympusEPL6_0039.tiff,0.39826120528469183,0.7994036341402395,0.44982423466123167
Canon1DsMkIII_0209.tiff,0.3650901088634019,0.7675779873573682,0.5268142421523183
OlympusEPL6_0022.tiff,0.3757600688848448,0.8107212332414956,0.44892700141898945
SamsungNX2000_0025.tiff,0.31749494710475207,0.8150095859438137,0.4847229449723256
Canon1DsMkIII_0018.tiff,0.6060319654156421,0.7684261604990029,0.20553951628632053
PanasonicGX1_0063.tiff,0.4312046425324784,0.8117343327042864,0.393890758164703
FujifilmXM1_0161.tiff,0.4203662620905529,0.7842302196973056,0.45637174343897785
Canon1DsMkIII_0029.tiff,0.3131967558102128,0.7411466201741087,0.5938092956113549
PanasonicGX1_0152.tiff,0.3098684575741832,0.7842459198476096,0.5375312792786793
Canon600D_0035.tiff,0.5924552654532232,0.7714644220316917,0.232033195849341
PanasonicGX1_0001.tiff,0.3991207787777203,0.8101096274304931,0.42944731398891517
FujifilmXM1_0094.tiff,0.6855612270490552,0.6961232992016745,0.21311535907946663
NikonD5200_0127.tiff,0.5380905534884162,0.8084258715169595,0.23855013416171977
Canon600D_0057.tiff,0.34489168838073664,0.7739841542015993,0.5310350763656954
OlympusEPL6_0188.tiff,0.42367906738076644,0.7976148153732804,0.42930950858373973
FujifilmXM1_0089.tiff,0.7447083302642616,0.6461667879010152,0.1669670178469381
NikonD5200_0160.tiff,0.2955871948760396,0.7937104278923187,0.5316502298318949
OlympusEPL6_0063.tiff,0.3364623722290629,0.779715989420642,0.5280492854987883
Canon1DsMkIII_0115.tiff,0.34053659957367005,0.7620060980590451,0.550800808706406
Canon600D_0083.tiff,0.45092755523489236,0.7921675733540019,0.41126010705673255
NikonD5200_0120.tiff,0.4690340574476172,0.8341390336404685,0.29020531613251144
NikonD5200_0087.tiff,0.268400448255618,0.8186857548678227,0.5076562165015679
FujifilmXM1_0009.tiff,0.375831733485388,0.7820011961861596,0.4972168915762859
NikonD5200_0012.tiff,0.3067496726584629,0.806927275301767,0.5047504439799855
SamsungNX2000_0020.tiff,0.3046419436698799,0.8034703498670146,0.511496513225276
PanasonicGX1_0168.tiff,0.34536308682062394,0.785129872711975,0.5140967041685914
SamsungNX2000_0030.tiff,0.303547620206834,0.7926826633505223,0.5286899256561357
Canon1DsMkIII_0200.tiff,0.5804874871178914,0.7652027726783736,0.2783864112791523
SamsungNX2000_0072.tiff,0.34090269273987395,0.8236991260745187,0.45310606240347007
NikonD5200_0167.tiff,0.29250800656312,0.8072574414522335,0.5126153424512999
NikonD5200_0031.tiff,0.3275899876640386,0.8065132197575919,0.4921597569270749
OlympusEPL6_0200.tiff,0.4127086740919981,0.7976743466408771,0.4397581005965379
FujifilmXM1_0070.tiff,0.4084952124137896,0.7951633321792128,0.44815949905437014
PanasonicGX1_0039.tiff,0.31252666106658655,0.7821970921285752,0.5389756907209937
FujifilmXM1_0119.tiff,0.40445333841234243,0.7857219474946828,0.4680368770431171
FujifilmXM1_0168.tiff,0.44735934937984095,0.7904681555376839,0.4183655191376286
Canon1DsMkIII_0154.tiff,0.4131110003775144,0.7886363240518751,0.4554031727524908
SamsungNX2000_0007.tiff,0.32769746594156135,0.7949916863275424,0.5104924969924337
FujifilmXM1_0060.tiff,0.5316501288244402,0.7859670672321353,0.31560087095487005
PanasonicGX1_0056.tiff,0.3296779516484234,0.7801119384410921,0.5317309580028058
OlympusEPL6_0084.tiff,0.3545863797895927,0.7864654518762573,0.5057080108845275
FujifilmXM1_0132.tiff,0.4078026548164532,0.78349748300911,0.46885892211095037
NikonD5200_0093.tiff,0.5652934374212991,0.782650295958125,0.26057982240586325
Canon1DsMkIII_0059.tiff,0.37743528935258747,0.7735055240753916,0.5091481185040189
Canon1DsMkIII_0215.tiff,0.5744740846691463,0.7624901645569365,0.29763782521293
FujifilmXM1_0006.tiff,0.4327537317767656,0.7880108850540493,0.43790758462216356
PanasonicGX1_0060.tiff,0.3052590092900896,0.778580439730536,0.5482968503614062
OlympusEPL6_0137.tiff,0.52731725421593,0.788868298373392,0.315631622667377
NikonD5200_0148.tiff,0.30807688240775694,0.7965419342046551,0.5202014817159059
FujifilmXM1_0120.tiff,0.553912884766318,0.7958478137470045,0.24455423415669775
SamsungNX2000_0040.tiff,0.33507505159129236,0.8166049879950762,0.46997979039811305
SamsungNX2000_0021.tiff,0.3260837282768197,0.7941732749967355,0.5127945118993075
OlympusEPL6_0166.tiff,0.40504830170990813,0.8005756680290121,0.44160443050519793
Canon1DsMkIII_0165.tiff,0.4272039190623338,0.7854538074993148,0.4478382831141309
SamsungNX2000_0023.tiff,0.36043256450025235,0.8132080158753479,0.4569256934818301
Canon600D_0093.tiff,0.6579802190219408,0.7181567849993385,0.22652342822598456
NikonD5200_0048.tiff,0.3797554606555257,0.8400345398675045,0.38746323945878985
FujifilmXM1_0067.tiff,0.38951084881554177,0.7821527169754038,0.4863316008476009
FujifilmXM1_0061.tiff,0.45875419680758334,0.7822558765430914,0.42145027052456496
SamsungNX2000_0084.tiff,0.3486491369504653,0.814861339495309,0.4630818250586029
SamsungNX2000_0180.tiff,0.328378833215452,0.8005656211077163,0.5012604394887701
Canon1DsMkIII_0041.tiff,0.3147691971007657,0.7618593593194009,0.5661189532015084
OlympusEPL6_0029.tiff,0.4242243344850267,0.8056502844484322,0.4134747068429898
Canon1DsMkIII_0145.tiff,0.31818847127770555,0.7536460967473769,0.5751292529539777
Canon1DsMkIII_0091.tiff,0.37613311140285316,0.7668442096335485,0.5200709957860631
Canon1DsMkIII_0103.tiff,0.3537858117447868,0.7647622025426265,0.5384926860879662
Canon1DsMkIII_0097.tiff,0.3202235698271768,0.7428202335396932,0.5879412946639953
SamsungNX2000_0111.tiff,0.3990164982114897,0.8254055221577877,0.3993639419708168
FujifilmXM1_0123.tiff,0.6177780288989937,0.7593253870806055,0.2043899790708022
Canon1DsMkIII_0163.tiff,0.3457736670013233,0.7560236482732849,0.5557596732941412
NikonD5200_0094.tiff,0.6219891059738718,0.7479536952043038,0.23172143163732467
PanasonicGX1_0155.tiff,0.32486510082923015,0.7884690034433616,0.522282774818629
OlympusEPL6_0053.tiff,0.5163912263390907,0.8016453098542994,0.3011725394995607
OlympusEPL6_0120.tiff,0.6250626075198298,0.7476031963039875,0.22446870061675137
SamsungNX2000_0078.tiff,0.31815856633832346,0.7983597005577285,0.5112699044447238
SamsungNX2000_0029.tiff,0.3233343880912976,0.8121364182514702,0.48568437449366164
Canon1DsMkIII_0235.tiff,0.4279656649575966,0.7938984630916359,0.4319382130793021
FujifilmXM1_0051.tiff,0.4014414410848374,0.8169452095733567,0.4140595294578709
Canon600D_0162.tiff,0.3407250822700771,0.7719500705382306,0.5366558551884719
Canon600D_0107.tiff,0.36147077540321887,0.775737363304586,0.5172720963889745
PanasonicGX1_0118.tiff,0.5397442693284223,0.78212305373952,0.3113834493615479
FujifilmXM1_0194.tiff,0.4085834611250337,0.7855256339470973,0.4647677201647067
FujifilmXM1_0056.tiff,0.41734604263099284,0.7835118443952371,0.4603601529157615
Canon600D_0063.tiff,0.41973932784273793,0.788407710852899,0.449702321686044
Canon600D_0097.tiff,0.3231155064301983,0.7673420377883112,0.5538795596041061
SamsungNX2000_0071.tiff,0.31721106114632774,0.8169329605761654,0.4816613754606885
FujifilmXM1_0141.tiff,0.38774791021997823,0.7813295233902828,0.48905596203170176
Canon600D_0044.tiff,0.3563759914792774,0.7747356763956548,0.5222841988964719
FujifilmXM1_0093.tiff,0.7060833878446384,0.6794603268469019,0.1994490251942568
PanasonicGX1_0101.tiff,0.32234213403546697,0.7954895127410897,0.5131198531965071
PanasonicGX1_0021.tiff,0.3077357110552646,0.7899378218333195,0.5303743675730773
Canon600D_0109.tiff,0.3788026626793271,0.784607288694255,0.49081559192318036
PanasonicGX1_0191.tiff,0.3005654197128564,0.7726707217662089,0.5591425437204008
Canon1DsMkIII_0212.tiff,0.5863049320495852,0.7756474103697302,0.23370413227211612
Canon600D_0123.tiff,0.46189673624780997,0.7973756566108027,0.3883857197273251
FujifilmXM1_0054.tiff,0.3813798871921994,0.7835803169593434,0.49046026191645775
PanasonicGX1_0143.tiff,0.33063438796246103,0.780431852849619,0.5306665851119697
OlympusEPL6_0033.tiff,0.38252240251976644,0.7968856202685026,0.46760017085089883
Canon1DsMkIII_0042.tiff,0.3322170046260979,0.7573428134946917,0.562195450608779
SamsungNX2000_0048.tiff,0.38055028200822416,0.8457324664337788,0.37405624989204295
Canon1DsMkIII_0122.tiff,0.3505415783180826,0.7594285121243483,0.5480774916404306
FujifilmXM1_0095.tiff,0.35169737927516237,0.7839688332660808,0.5115680031808115
NikonD5200_0084.tiff,0.3576143496186305,0.814047890287132,0.4576439765428073
Canon1DsMkIII_0259.tiff,0.398840138694792,0.7755641137141198,0.4893126293942871
Canon600D_0062.tiff,0.47391248375300454,0.8026284715882948,0.36220780546379194
Canon1DsMkIII_0247.tiff,0.35249662613276156,0.7681160011920202,0.5345502196031732
FujifilmXM1_0184.tiff,0.3811551737985555,0.7726552236290792,0.5076658732722643
FujifilmXM1_0029.tiff,0.39465008304236476,0.7824116319284916,0.4817502985755683
SamsungNX2000_0019.tiff,0.30533263639756025,0.7943253043691031,0.5251850073921067
FujifilmXM1_0036.tiff,0.3866909637068181,0.7769348727017729,0.49683226763906185
OlympusEPL6_0055.tiff,0.6395435639497489,0.7505133169602607,0.1664745952863701
PanasonicGX1_0197.tiff,0.3302749014756908,0.7878299180368533,0.5198485449640768
OlympusEPL6_0163.tiff,0.7486078225775186,0.638320389454798,0.17925793812833404
Canon600D_0021.tiff,0.30922369693454255,0.7665263473306982,0.5628659379479204
PanasonicGX1_0129.tiff,0.5580873326014177,0.7829771384582844,0.27474593689718374
Canon600D_0151.tiff,0.3549368709364651,0.7785571335049474,0.5175602453032796
Canon600D_0043.tiff,0.4070336865259195,0.7799927978168163,0.47532600748014486
Canon1DsMkIII_0007.tiff,0.5776453603424299,0.7715704424592538,0.26646742764941445
Canon1DsMkIII_0222.tiff,0.3713260643805909,0.7642756395067369,0.527256769295748
OlympusEPL6_0141.tiff,0.6276065887846312,0.7585273961688468,0.17534582679786923
OlympusEPL6_0204.tiff,0.4025564929656884,0.798999518419687,0.446708002543355
Canon600D_0111.tiff,0.3584278152761938,0.8146469493164356,0.45593842698960974
FujifilmXM1_0189.tiff,0.4178366068932737,0.783730588049154,0.4595420930622605
Canon600D_0136.tiff,0.6065162133436304,0.7581452666795384,0.2394866124916283
OlympusEPL6_0127.tiff,0.6192128366821494,0.7535026589749111,0.22092805572354238
OlympusEPL6_0047.tiff,0.4070698878153319,0.7986541605377669,0.44322188381185335
Canon600D_0126.tiff,0.5176242797739236,0.8023988347788606,0.2970205631501858
FujifilmXM1_0183.tiff,0.37021257330662005,0.7737239208815887,0.5140952682347034
Canon1DsMkIII_0226.tiff,0.35671308324999706,0.7583066649153142,0.5456434533496155
SamsungNX2000_0004.tiff,0.3249118794323579,0.8031805101114677,0.4993328937500665
FujifilmXM1_0077.tiff,0.3838104709049526,0.7775683232806068,0.4980733129312435
Canon600D_0091.tiff,0.6598663744270142,0.7173188144658833,0.2236740626755978
NikonD5200_0007.tiff,0.32835383600821555,0.8087233368350492,0.48800647827367377
FujifilmXM1_0041.tiff,0.46528624310270106,0.7797025386875096,0.4190139176013452
PanasonicGX1_0014.tiff,0.32881781688679806,0.7818146145095114,0.5297591451189346
PanasonicGX1_0156.tiff,0.48603537274535846,0.7370432864084021,0.46961346914306307
OlympusEPL6_0040.tiff,0.405732012710781,0.798333632760115,0.44502240917250047
Canon600D_0155.tiff,0.47831691033641655,0.7334688547304932,0.48294551703744315
Canon1DsMkIII_0254.tiff,0.3553336005005378,0.7625965731001504,0.5405409318925176
SamsungNX2000_0096.tiff,0.2878863008725897,0.7941329425861926,0.5352329841006548
Canon1DsMkIII_0244.tiff,0.32883252130173357,0.7541114963860238,0.5684936446019225
Canon1DsMkIII_0213.tiff,0.5938714808329013,0.7719138566174554,0.22686044656418994
OlympusEPL6_0185.tiff,0.38388847195182524,0.802290047724749,0.4571217785495598
Canon1DsMkIII_0169.tiff,0.4170040628054506,0.7838013183101242,0.4601772539131626
Canon1DsMkIII_0151.tiff,0.43606309092145645,0.7910446595880323,0.42906564448028206
SamsungNX2000_0092.tiff,0.6421843449561628,0.7377131739803178,0.20827515461309729
Canon600D_0072.tiff,0.3540228667497764,0.7829572188710519,0.511513248348445
Canon600D_0033.tiff,0.3470754440758823,0.7757888036420957,0.5269633462235255
OlympusEPL6_0199.tiff,0.41479567334721185,0.8210194008427131,0.3922648248470741
PanasonicGX1_0074.tiff,0.3547581809412958,0.7967871512245686,0.4891593489842134
Canon600D_0009.tiff,0.3321691871596557,0.7666790515918951,0.5494241193757752
Canon1DsMkIII_0054.tiff,0.36049388191080667,0.7754148496653595,0.5184360828716743
Canon600D_0036.tiff,0.35189762869028873,0.776425542859336,0.5228110895129686
FujifilmXM1_0167.tiff,0.3890186091273779,0.7792175315294559,0.49141078570758073
SamsungNX2000_0094.tiff,0.5986316906624473,0.7639158203486064,0.24098281755290313
Canon1DsMkIII_0024.tiff,0.3717818052684002,0.7818511479159073,0.5004868347658582
PanasonicGX1_0071.tiff,0.3998930933008123,0.8034623747134628,0.44105977639103633
PanasonicGX1_0030.tiff,0.3262476817435934,0.7912562881872388,0.5171807581117884
Canon600D_0051.tiff,0.349614786032399,0.8058310791292475,0.4779181658996783
SamsungNX2000_0129.tiff,0.5733265623564016,0.7813779562253866,0.24646529658681965
Canon1DsMkIII_0148.tiff,0.42262720009586496,0.7825006644199193,0.4572515280690867
SamsungNX2000_0162.tiff,0.2860032028367025,0.7823667318509394,0.5532670827548197
SamsungNX2000_0091.tiff,0.5962373728385707,0.7675809037807024,0.2352032129494823
PanasonicGX1_0167.tiff,0.3313369381389175,0.7895703344659507,0.5165215584620393
OlympusEPL6_0011.tiff,0.4137488756598412,0.7983190953407927,0.43760540433645895
Canon600D_0074.tiff,0.3916527083467811,0.79000601019333,0.47169763610076254
Canon1DsMkIII_0093.tiff,0.3497671434739287,0.7644188420376875,0.5415965096673439
OlympusEPL6_0164.tiff,0.6037579776031947,0.7638412573283265,0.2280851553336637
NikonD5200_0021.tiff,0.29351557102221265,0.7897150475359049,0.5387009868775701
FujifilmXM1_0080.tiff,0.4318919774755082,0.8018928927582645,0.41284029398313066
FujifilmXM1_0078.tiff,0.3488074304816316,0.7711585963057755,0.5325859515463282
NikonD5200_0033.tiff,0.2777514400802323,0.7940015493296035,0.5407547292401117
OlympusEPL6_0019.tiff,0.3922051854907633,0.8029828854432176,0.4487689585515476
FujifilmXM1_0099.tiff,0.39715526948563834,0.7796288277643385,0.48419684306962757
PanasonicGX1_0040.tiff,0.34269310218099014,0.7840716460498323,0.5174872863928892
NikonD5200_0067.tiff,0.3156108799987821,0.7982556880565889,0.5130084101763794
Canon1DsMkIII_0243.tiff,0.36774058902234774,0.7688901321494254,0.5230438068352746
NikonD5200_0053.tiff,0.2999536504417748,0.7905099479302741,0.5339680044814756
OlympusEPL6_0064.tiff,0.37260943594542656,0.7934676013206111,0.48121863419754096
FujifilmXM1_0111.tiff,0.40904858498846625,0.7802952355952935,0.4730947055571633
PanasonicGX1_0121.tiff,0.3152212421039584,0.7874228839059877,0.5297176327323975
NikonD5200_0083.tiff,0.34055562915302134,0.8047575224205609,0.4861966614032951
FujifilmXM1_0096.tiff,0.6710960613135281,0.7064169066458196,0.22495606347556193
Canon1DsMkIII_0252.tiff,0.35518492331402274,0.7654650099946442,0.536569649462501
Canon1DsMkIII_0072.tiff,0.3083561459697476,0.7450608777403747,0.5914395790809288
FujifilmXM1_0046.tiff,0.3586938272597178,0.8208260674522757,0.4445034367433035
Canon1DsMkIII_0135.tiff,0.3487706807556165,0.7987142910553191,0.4903208067268437
PanasonicGX1_0094.tiff,0.6487873704926284,0.726890364478061,0.22517847569919427
PanasonicGX1_0164.tiff,0.2831307041366895,0.7719180015919809,0.5691920617799453
NikonD5200_0043.tiff,0.31715619854159355,0.7976125503206651,0.5130557136389866
PanasonicGX1_0128.tiff,0.4722824802303989,0.8133954971091066,0.33961305061798247
PanasonicGX1_0059.tiff,0.3417365299272649,0.7854622254419017,0.5160089500358758
FujifilmXM1_0121.tiff,0.5103166529802159,0.810871773124598,0.2864679410350144
Canon600D_0076.tiff,0.3335634113901961,0.7695041557363491,0.5446088549465787
Canon1DsMkIII_0063.tiff,0.35111277574981237,0.7655987200643147,0.5390532613213141
OlympusEPL6_0123.tiff,0.3641264428015792,0.8073143663089231,0.46438717424568293
Canon600D_0176.tiff,0.34573122766607045,0.7737370919563104,0.5308491600704517
Canon600D_0115.tiff,0.5874691327262519,0.7565644130067394,0.28721125859832397
SamsungNX2000_0035.tiff,0.3100390859184475,0.7964603013652147,0.5191596609445741
FujifilmXM1_0017.tiff,0.39793444148405555,0.781394490860409,0.4806982732793775
Canon1DsMkIII_0255.tiff,0.3347156175961741,0.7585998521574018,0.5590095881503109
PanasonicGX1_0065.tiff,0.3613660682916796,0.7865444928104671,0.5007617452610955
SamsungNX2000_0033.tiff,0.5619245768060629,0.7971558497439789,0.22086946642821031
NikonD5200_0099.tiff,0.30312087794062453,0.8164878546761539,0.4913912051744891
OlympusEPL6_0107.tiff,0.40234598739233224,0.8045324908828919,0.43685830373595846
PanasonicGX1_0053.tiff,0.6244353627503362,0.7497531732096081,0.21897638459199117
Canon600D_0122.tiff,0.5664639411276392,0.7715053994188541,0.2896515528522108
FujifilmXM1_0097.tiff,0.7306543874731278,0.6593934112147609,0.1770437666590652
Canon1DsMkIII_0208.tiff,0.3195029803189602,0.747831157383895,0.5819505181827457
FujifilmXM1_0020.tiff,0.4071697553746729,0.783826653707964,0.4688587924365978
FujifilmXM1_0001.tiff,0.44721711084437776,0.8109955631920329,0.37720425799670537
Canon1DsMkIII_0171.tiff,0.6369561710313276,0.7489422808360623,0.1826808587706635
Canon1DsMkIII_0133.tiff,0.4337352320664805,0.8055082881234624,0.4037699174389363
Canon600D_0193.tiff,0.3688810731218522,0.7794219725312591,0.5063873444587178
SamsungNX2000_0141.tiff,0.3168668413535155,0.8108575814306299,0.4920420586566919
Canon1DsMkIII_0085.tiff,0.33461110839510416,0.7558592967130305,0.5627718273963994
Canon1DsMkIII_0132.tiff,0.3423809276197358,0.7960202895288293,0.4991262355964551
Canon1DsMkIII_0044.tiff,0.3354113737139269,0.7657304707719486,0.5487768731594898
Canon1DsMkIII_0227.tiff,0.36059089465405325,0.770125341381022,0.5261949878660515
SamsungNX2000_0151.tiff,0.33131301469816543,0.7997499134531288,0.5006313636033264
PanasonicGX1_0090.tiff,0.6569878740748337,0.7169612440467144,0.23309549084788886
OlympusEPL6_0156.tiff,0.4096297806340829,0.7987043510182655,0.4407661539662097
Canon1DsMkIII_0195.tiff,0.363488471832394,0.8064343732307263,0.4664115484386257
SamsungNX2000_0027.tiff,0.3347105918361834,0.8123776582143096,0.47750535090918744
OlympusEPL6_0110.tiff,0.4023329701816528,0.7934262015760112,0.45673082199198267
SamsungNX2000_0202.tiff,0.3499243027605043,0.8081132767928917,0.4738205506398285
Canon600D_0032.tiff,0.315079557253395,0.7669314060791341,0.5590537460481657
SamsungNX2000_0039.tiff,0.308593103787124,0.7942073532745604,0.5234548464764147
Canon600D_0105.tiff,0.34834103338191696,0.7764683508705593,0.5251241991746071
SamsungNX2000_0011.tiff,0.3181187619450528,0.7991752890802637,0.5100189316309972
FujifilmXM1_0109.tiff,0.4713303242496137,0.8008091530147418,0.36953000675258574
PanasonicGX1_0003.tiff,0.3576461144344072,0.787171077054453,0.5024449743791884
PanasonicGX1_0078.tiff,0.3129684969426315,0.7799495223028607,0.5419681379758495
OlympusEPL6_0168.tiff,0.35946747150157476,0.7871626572994053,0.5011567498154681
FujifilmXM1_0166.tiff,0.4220699496684386,0.7913540581739265,0.4422846506476793
OlympusEPL6_0061.tiff,0.40509443036382137,0.7987733450292989,0.4448141699169618
Canon600D_0053.tiff,0.3609688426593179,0.8107076291084596,0.4609280146991858
OlympusEPL6_0182.tiff,0.39903223231087886,0.7976135807434408,0.4523116772653826
OlympusEPL6_0038.tiff,0.6289520831832158,0.7524052081043753,0.1957183687774475
Canon1DsMkIII_0216.tiff,0.5036835788287731,0.7822014933428691,0.3666928908915804
Canon600D_0172.tiff,0.39573543042030984,0.7879710715771588,0.4716938196198845
SamsungNX2000_0047.tiff,0.2979417793503708,0.8399729804261492,0.4535152569335976
Canon1DsMkIII_0153.tiff,0.3433651767411323,0.7610299610544007,0.5503941803644625
SamsungNX2000_0184.tiff,0.33192387145924523,0.8053881098828969,0.4910972775476987
PanasonicGX1_0115.tiff,0.33470184732989583,0.7845473809074275,0.5219770881037319
PanasonicGX1_0006.tiff,0.35343858857344107,0.7902047740821881,0.5006571472823813
FujifilmXM1_0148.tiff,0.4120519621102188,0.78100767907839,0.46929754499859194
PanasonicGX1_0140.tiff,0.3186456035248461,0.7879206838376138,0.5269212230828757
SamsungNX2000_0136.tiff,0.5838736821853866,0.7779410583712539,0.23216208336309288
FujifilmXM1_0135.tiff,0.4002966987354483,0.7829682782999458,0.47615462631116007
OlympusEPL6_0191.tiff,0.40194985127987604,0.804216198505642,0.4378043205785199
Canon1DsMkIII_0189.tiff,0.3482404994180572,0.7668248067096842,0.5391736922177468
Canon1DsMkIII_0258.tiff,0.3949009987320017,0.773660058829703,0.49548291047430487
PanasonicGX1_0142.tiff,0.3185033663036647,0.789067443095758,0.525288659595423
Canon600D_0081.tiff,0.42305701743560037,0.7938405255237397,0.43685235496067437
FujifilmXM1_0180.tiff,0.3856491826061539,0.7820320020059792,0.48959233633067156
Canon1DsMkIII_0100.tiff,0.36879467316837655,0.7693687807331611,0.52159579012469
Canon1DsMkIII_0025.tiff,0.29450511826279996,0.7391207376124975,0.6057782354526877
OlympusEPL6_0122.tiff,0.5845466793907113,0.7766494436205222,0.23477823863643338
Canon1DsMkIII_0069.tiff,0.5601695284648619,0.7539596335005381,0.34315444107746684
FujifilmXM1_0128.tiff,0.6306238967510244,0.7506113850338871,0.1972208140741312
PanasonicGX1_0082.tiff,0.4002726841567236,0.7980662977090398,0.4504131023615521
SamsungNX2000_0164.tiff,0.3292263530763586,0.7945590021162764,0.5101823209363765
PanasonicGX1_0149.tiff,0.3421293771672399,0.7808049917647124,0.5227724687801223
Canon600D_0030.tiff,0.3463260987932351,0.7801737582845824,0.5209483085477565
PanasonicGX1_0194.tiff,0.3607334831658578,0.8087867012291292,0.4644732780665977
PanasonicGX1_0181.tiff,0.3083336597256309,0.7918505443573406,0.5271651256306532
FujifilmXM1_0023.tiff,0.4152743679346913,0.7886924280861883,0.4533337106546958
Canon1DsMkIII_0006.tiff,0.38050419483154996,0.7679367041279386,0.515257000116168
Canon1DsMkIII_0158.tiff,0.3874875308357648,0.7807621594224371,0.49016717950186667
NikonD5200_0008.tiff,0.4007985199389388,0.8250514268759038,0.3983097907719458
FujifilmXM1_0156.tiff,0.4054666131098106,0.7812977927032894,0.47452142709284184
OlympusEPL6_0206.tiff,0.40884116499659356,0.7982816837895702,0.4422615234567856
OlympusEPL6_0082.tiff,0.3847941249211529,0.7883165558505015,0.48009425032816977
SamsungNX2000_0003.tiff,0.27560162246116393,0.7721768475219333,0.5725265599497225
OlympusEPL6_0194.tiff,0.40578437787114424,0.7988170584449229,0.4441062325763164
Canon1DsMkIII_0031.tiff,0.3482660519638881,0.760716847825307,0.5477413938020527
OlympusEPL6_0189.tiff,0.4149806008521254,0.8019395977128172,0.42974874349625974
PanasonicGX1_0008.tiff,0.3314218465912085,0.7847167759417167,0.5238121239124873
Canon1DsMkIII_0087.tiff,0.3397449181515601,0.7655835035876845,0.5463106164304296
NikonD5200_0019.tiff,0.2856896283458474,0.7971614435311164,0.5318976115785804
PanasonicGX1_0026.tiff,0.3208822299349654,0.7965890970292545,0.5123284151851047
NikonD5200_0034.tiff,0.5535545857155809,0.7994582747370232,0.2333319257790371
PanasonicGX1_0161.tiff,0.537716618520903,0.766401436090984,0.351410980084748
FujifilmXM1_0022.tiff,0.44938326293339725,0.7855560505747263,0.42538967359442487
FujifilmXM1_0025.tiff,0.44867539872712325,0.7882593988501683,0.4211146004372543
OlympusEPL6_0085.tiff,0.4661987674561761,0.8043191009650064,0.36841483825327415
PanasonicGX1_0186.tiff,0.3263758278510048,0.7846961996528418,0.5270016064918198
OlympusEPL6_0165.tiff,0.5900185449819099,0.7588890735417981,0.27561837862577543
OlympusEPL6_0068.tiff,0.41356059296757536,0.7956924707923518,0.4425394082662807
FujifilmXM1_0116.tiff,0.6253086969123133,0.7445799362641865,0.23364449935456422
NikonD5200_0156.tiff,0.2936696891974589,0.7959486571460686,0.5293617372213809
OlympusEPL6_0150.tiff,0.3890102292704446,0.7990643468523685,0.45843997547372994
FujifilmXM1_0110.tiff,0.35141779693576214,0.7863691028761033,0.508064135753202
SamsungNX2000_0153.tiff,0.327338086876488,0.8047014416553749,0.495283117699162
SamsungNX2000_0089.tiff,0.5671636076378299,0.7821183031328932,0.2581015344312496
Canon600D_0197.tiff,0.3703063389846743,0.7799559517798526,0.5045214847664586
Canon1DsMkIII_0061.tiff,0.37508364783430626,0.7731658456542421,0.5113969419551422
NikonD5200_0072.tiff,0.3295323555631773,0.8212929009569024,0.4657106370642392
NikonD5200_0185.tiff,0.29718506778987,0.7934378094825256,0.5311661491156056
Canon600D_0008.tiff,0.3550618293187327,0.7743964851979103,0.5236804188376324
SamsungNX2000_0070.tiff,0.32242841920921317,0.8062653823552584,0.495959723870575
SamsungNX2000_0073.tiff,0.36996932286242074,0.8195209364517839,0.437616424346611
OlympusEPL6_0060.tiff,0.38922373174726915,0.7941024814780179,0.4668041725983007
PanasonicGX1_0144.tiff,0.32147115360363077,0.8046785815867635,0.4991479517500452
NikonD5200_0124.tiff,0.3182996210486994,0.8051428395560342,0.5004301741021425
PanasonicGX1_0017.tiff,0.32821846119326425,0.779779845298353,0.5331191560977737
Canon600D_0125.tiff,0.3616078033888213,0.7758437964202269,0.5170166342435811
Canon1DsMkIII_0002.tiff,0.3487123076347602,0.7731687108681055,0.5297262227213151
Canon1DsMkIII_0204.tiff,0.34464367762086934,0.7542838505227721,0.5588171510579314
FujifilmXM1_0073.tiff,0.3975556920222506,0.7900404268858848,0.4666750428581738
Canon600D_0056.tiff,0.34667538334367304,0.7738540809175394,0.5300622982544485
PanasonicGX1_0068.tiff,0.448949616134656,0.8025075520539678,0.392970572777267
NikonD5200_0018.tiff,0.30412584472275644,0.7965752541172032,0.5224704155258776
NikonD5200_0169.tiff,0.5627579624206895,0.7939093390023191,0.2302421272856355
FujifilmXM1_0044.tiff,0.6744874793980574,0.722944198512754,0.14972750572959784
Canon600D_0132.tiff,0.4836078570477567,0.7899941853594693,0.3768721636044575
PanasonicGX1_0183.tiff,0.35488399414166916,0.787872342977175,0.5033036080475806
PanasonicGX1_0050.tiff,0.40133209240786744,0.8155374292189342,0.41693075341895197
NikonD5200_0176.tiff,0.3008685739528761,0.7974924213207157,0.5229569190130146
Canon1DsMkIII_0170.tiff,0.2734634164588069,0.7277997674341016,0.6289079888040419
PanasonicGX1_0069.tiff,0.3421621475790505,0.7795613463361083,0.524603823911651
NikonD5200_0115.tiff,0.5331637503011325,0.7966245099550654,0.2848259214040811
Canon600D_0181.tiff,0.3680665575418053,0.7789219838342787,0.5077475281269194
FujifilmXM1_0075.tiff,0.3930527651292568,0.7859716338983948,0.4772401015540639
PanasonicGX1_0035.tiff,0.6150914537175902,0.7507763503269379,0.24082644238817452
FujifilmXM1_0170.tiff,0.49110704574782743,0.7856011682881973,0.37635710967253044
PanasonicGX1_0048.tiff,0.6782996792041085,0.7078110809588972,0.19726383060105307
Canon1DsMkIII_0015.tiff,0.3900531743436805,0.7837283602326593,0.48335119587257214
Canon1DsMkIII_0198.tiff,0.33171767127592283,0.74937256308965,0.5730655706389343
FujifilmXM1_0086.tiff,0.37746515645094497,0.8038164584295067,0.4597816403721542
OlympusEPL6_0049.tiff,0.6549371140821675,0.7411756978849289,0.1473633654016858
NikonD5200_0190.tiff,0.321252546721817,0.803140643516836,0.501758814527567
NikonD5200_0009.tiff,0.3035827807160954,0.8006559249573939,0.5165148449786348
OlympusEPL6_0197.tiff,0.37318654972057913,0.7845014798455823,0.4952668242753005
Canon1DsMkIII_0246.tiff,0.3530035289459034,0.7745016232992087,0.5249149874585687
Canon1DsMkIII_0197.tiff,0.2943132841693573,0.7469496232090861,0.596192880827381
Canon1DsMkIII_0150.tiff,0.45651208695251205,0.7910837035543364,0.40716494008818704
SamsungNX2000_0196.tiff,0.3268986150695704,0.8079762784406097,0.49021590033663653
Canon1DsMkIII_0174.tiff,0.6268232481110163,0.7383052351911639,0.24899396642664978
Canon600D_0025.tiff,0.36419689600308874,0.7828543110028581,0.5044796811428144
SamsungNX2000_0062.tiff,0.35162109307944517,0.813890548929978,0.46254165354492704
OlympusEPL6_0035.tiff,0.3928413322802915,0.7973702516630695,0.4581226576093119
PanasonicGX1_0015.tiff,0.3341539283041778,0.7796924993764149,0.5295476924839212
OlympusEPL6_0031.tiff,0.4174063374007646,0.8015102730281599,0.4281976549772355
Canon600D_0131.tiff,0.5439842605969082,0.7765816154183708,0.31780830514168257
SamsungNX2000_0042.tiff,0.3751354031800513,0.8041202145631542,0.4611551905940639
PanasonicGX1_0022.tiff,0.3332170726044217,0.7806430577850514,0.528736984574509
OlympusEPL6_0173.tiff,0.3661912747397953,0.790368086959903,0.4911438052340548
FujifilmXM1_0002.tiff,0.423377415186222,0.7860530628354618,0.45041330654990963
NikonD5200_0082.tiff,0.42375884348258575,0.8164594396644544,0.3922020218625938
Canon1DsMkIII_0045.tiff,0.4119773061821597,0.7860926318020697,0.46079612999393443
NikonD5200_0102.tiff,0.3001637460253676,0.7922459068173862,0.5312703160379998
NikonD5200_0168.tiff,0.3006198352269542,0.789095974585342,0.5356820489444538
SamsungNX2000_0069.tiff,0.37587333741658324,0.8266621699118376,0.4187468102039364
NikonD5200_0134.tiff,0.623598069903471,0.7588962374977705,0.18762182155707052
PanasonicGX1_0062.tiff,0.2925501898673013,0.7768001009771172,0.5576701440193357
PanasonicGX1_0088.tiff,0.6415283532883751,0.7363925184932069,0.21486607604351587
NikonD5200_0073.tiff,0.3701267494873725,0.8195305626560054,0.43746525140477516
PanasonicGX1_0113.tiff,0.3964016778038485,0.8091572646083032,0.4337398194377623
Canon1DsMkIII_0184.tiff,0.34943999862251607,0.7706551895251765,0.5328998650971967
OlympusEPL6_0144.tiff,0.399504511012473,0.7998094770302063,0.4479965916537233
FujifilmXM1_0125.tiff,0.6122976179390826,0.7450929346502297,0.2644393045680499
NikonD5200_0199.tiff,0.3190393146547813,0.8029403402776846,0.5034885556389177
Canon600D_0022.tiff,0.3569094775979371,0.7701437321292994,0.5286721636919441
FujifilmXM1_0047.tiff,0.4520933048242939,0.8168907281833002,0.35819154364837497
Canon600D_0110.tiff,0.35732390431025873,0.818503769379785,0.44985687381605843
Canon1DsMkIII_0131.tiff,0.696996890791853,0.6980565591929048,0.16404991433783922
Canon1DsMkIII_0202.tiff,0.32281153353794145,0.7652191026184074,0.5569851333767913
PanasonicGX1_0126.tiff,0.31380152925924615,0.7888908896466454,0.5283746440425421
Canon1DsMkIII_0096.tiff,0.3530847515623713,0.7734514615807323,0.5264066819416026
SamsungNX2000_0013.tiff,0.33650795744227446,0.8119929958407921,0.47689597323056093
PanasonicGX1_0043.tiff,0.3415653613223928,0.7884131191632198,0.5116032226990229
FujifilmXM1_0035.tiff,0.41175582236412867,0.7803783189738611,0.47060261582865315
Canon1DsMkIII_0242.tiff,0.4474314108047772,0.7948388202430517,0.40992241029233867
Canon600D_0178.tiff,0.3574781337267553,0.7749575873042174,0.5212006540545228
PanasonicGX1_0018.tiff,0.31915991597789667,0.7799664072947279,0.5383208629848343
Canon600D_0026.tiff,0.36835200757119657,0.7908343547842516,0.48877174817213576
NikonD5200_0036.tiff,0.3049940459400242,0.7966718642638214,0.5218166082365928
PanasonicGX1_0011.tiff,0.3325913399620007,0.7879110393894608,0.5182462682842015
PanasonicGX1_0202.tiff,0.3243367872733337,0.7865410100959219,0.525508218640298
Canon1DsMkIII_0181.tiff,0.60407415774021,0.7502728087872474,0.26867289469715877
OlympusEPL6_0046.tiff,0.44992017778415316,0.7980819791370556,0.4007954443345839
PanasonicGX1_0081.tiff,0.28325476511520176,0.7606465337090061,0.5841092267684237
FujifilmXM1_0079.tiff,0.48345954869111235,0.7853646431621681,0.3866125218486158
OlympusEPL6_0052.tiff,0.44443872319785444,0.8284710702761378,0.34074903820520447
Canon600D_0090.tiff,0.6140607282127383,0.7407157571609195,0.27252447442453176
Canon1DsMkIII_0128.tiff,0.364827240423738,0.7649731261186403,0.5307703844046643
SamsungNX2000_0156.tiff,0.3182297310979654,0.8048884988412901,0.5008835619965296
OlympusEPL6_0008.tiff,0.49085886815483765,0.8003669003961119,0.34419528803293087
Canon1DsMkIII_0058.tiff,0.3549219321558316,0.765136699554151,0.537211553366225
OlympusEPL6_0119.tiff,0.4086475276212697,0.7940103739706968,0.45006080055470044
NikonD5200_0137.tiff,0.30034829766248716,0.8012875701033214,0.5174254826437918
Canon600D_0160.tiff,0.538226076441956,0.7615488238180981,0.3610485834055707
SamsungNX2000_0119.tiff,0.31300265755406226,0.795199131884802,0.519314622376216
PanasonicGX1_0046.tiff,0.3320974158965531,0.7854620452570353,0.5222649536542415
SamsungNX2000_0015.tiff,0.33239111989307607,0.7958508169374773,0.5061004056471176
Canon1DsMkIII_0040.tiff,0.34934438560154973,0.7743772913868237,0.5275398665817421
PanasonicGX1_0137.tiff,0.5784294252477787,0.7803337129977581,0.23769454425092923
OlympusEPL6_0036.tiff,0.6054558889932858,0.7726981540953423,0.1906848948946949
NikonD5200_0041.tiff,0.3237035068077851,0.8058421673569484,0.4958169430241351
NikonD5200_0078.tiff,0.2980537071122491,0.7957722243576048,0.527172224816137
Canon1DsMkIII_0021.tiff,0.4809713759863217,0.8180686285636838,0.3153256323893728
FujifilmXM1_0103.tiff,0.3974998372881333,0.7842398858468562,0.4764049546371422
PanasonicGX1_0055.tiff,0.3169072089929115,0.784256797135199,0.5333958164773721
NikonD5200_0195.tiff,0.3041083154243773,0.8000727767969408,0.517108967547634
NikonD5200_0153.tiff,0.3077016607088943,0.7990237714689914,0.5166049754158951
PanasonicGX1_0077.tiff,0.299943509590037,0.7860578640102154,0.5405061752491911
SamsungNX2000_0010.tiff,0.3280008671545353,0.8063483738616217,0.49215620601247256
Canon600D_0061.tiff,0.32326700729648455,0.7659750389774951,0.5556803772466682
SamsungNX2000_0102.tiff,0.31917359872369877,0.7931929784866912,0.5186261782412981
PanasonicGX1_0165.tiff,0.35156946178760234,0.7880527424618717,0.5053432384396753
PanasonicGX1_0198.tiff,0.31714810848173297,0.7920680055104466,0.521579669785127
OlympusEPL6_0153.tiff,0.4062714701364403,0.7957387843223861,0.4491584126767601
OlympusEPL6_0017.tiff,0.39837311044710016,0.7992946547932588,0.4499187923299357
SamsungNX2000_0017.tiff,0.3112920231027406,0.7934506434686676,0.5230041612948794
Canon600D_0168.tiff,0.3479890683463491,0.7775115918243477,0.5238123069289314
OlympusEPL6_0058.tiff,0.4017011246483555,0.7990246144409966,0.44743253343231887
FujifilmXM1_0038.tiff,0.38447669008799185,0.7782449626298742,0.4965002043506207
SamsungNX2000_0109.tiff,0.33133472577525436,0.8485279540550341,0.4125743698808919
NikonD5200_0131.tiff,0.4785843327807003,0.8055868552533905,0.34926616649742226
Canon600D_0047.tiff,0.6708071977216784,0.7163466148796823,0.19200320527327003
Canon1DsMkIII_0032.tiff,0.3700511415712778,0.765843958398222,0.5258756354944931
NikonD5200_0030.tiff,0.3160017976387509,0.8042612098949938,0.5032959071434208
PanasonicGX1_0036.tiff,0.595223597790573,0.7597606743224807,0.26167267030833735
FujifilmXM1_0084.tiff,0.31971497407073074,0.7655044840291547,0.5583773099672028
FujifilmXM1_0016.tiff,0.3786895020597551,0.7875971885305411,0.4860914827977572
SamsungNX2000_0168.tiff,0.3139692318028967,0.8065487292566875,0.5009016558322817
NikonD5200_0110.tiff,0.3099194757333923,0.842946699160808,0.4397621867953606
NikonD5200_0141.tiff,0.30501920678815214,0.799633742194249,0.5172515459955126
PanasonicGX1_0042.tiff,0.352771450232159,0.7838922533556649,0.510945436450975
PanasonicGX1_0044.tiff,0.3826259159007309,0.7900222291069806,0.4790222186892424
SamsungNX2000_0049.tiff,0.4264786374504076,0.8283858378866943,0.36317058717247913
NikonD5200_0027.tiff,0.30758809303738865,0.8087537754438703,0.5013051922002293
NikonD5200_0136.tiff,0.608773773927236,0.7656059738433248,0.20794707257810796
Canon1DsMkIII_0186.tiff,0.37372569928215743,0.779533967848717,0.5026488781108518
Canon600D_0079.tiff,0.3345739881956687,0.7684017498344836,0.5455446794481167
FujifilmXM1_0102.tiff,0.4164952701963052,0.7827363962811122,0.4624450495366605
NikonD5200_0152.tiff,0.3239988880506046,0.8021133584855228,0.5016362035190913
OlympusEPL6_0093.tiff,0.7062720754784102,0.6798693810680017,0.19737623992170736
Canon600D_0147.tiff,0.3525383534028334,0.7770408832103909,0.5214634936403838
Canon1DsMkIII_0206.tiff,0.5912142440893808,0.7613241448811234,0.2661790074495888
FujifilmXM1_0055.tiff,0.3749776997676515,0.7775385427985765,0.5048024753699484
Canon600D_0134.tiff,0.5731269292801695,0.7804498734257812,0.24984698918251083
SamsungNX2000_0064.tiff,0.3303163066966319,0.7991109614580545,0.5023074843239751
SamsungNX2000_0177.tiff,0.3050575002529484,0.7937942740735952,0.526146911030937
SamsungNX2000_0127.tiff,0.5681197934178475,0.7895147808898757,0.23217732680706338
NikonD5200_0192.tiff,0.3156980112496916,0.7983345180050271,0.5128321002576486
FujifilmXM1_0039.tiff,0.42612481821997683,0.7829610481115018,0.45319933410931923
OlympusEPL6_0023.tiff,0.3935271422303465,0.7999367006521771,0.45303163606720226
Canon600D_0128.tiff,0.5409149975177702,0.7944921263835588,0.2760312057990584
OlympusEPL6_0044.tiff,0.41991623696083624,0.7944669304063601,0.4387398436742973
FujifilmXM1_0181.tiff,0.3922861721485854,0.7802148459727409,0.4872128418512209
PanasonicGX1_0051.tiff,0.44778049069818066,0.8026394068751523,0.3940337735286152
OlympusEPL6_0169.tiff,0.4209723001378815,0.7994443506534875,0.4285686091220928
FujifilmXM1_0066.tiff,0.42686658394912763,0.7752178752261386,0.46564167064114165
NikonD5200_0006.tiff,0.3225073697262174,0.806644975786924,0.4952907020225495
SamsungNX2000_0118.tiff,0.34394647981375037,0.800140003927011,0.4914028827137792
Canon600D_0095.tiff,0.6245189258896563,0.7369720039206059,0.2585505301539269
SamsungNX2000_0189.tiff,0.2940184528985989,0.7932582983192806,0.5331926682754684
SamsungNX2000_0110.tiff,0.3256389064846284,0.8504439702256721,0.4131638368617125
OlympusEPL6_0041.tiff,0.40274788550665,0.7938699135765266,0.45559269203743874
OlympusEPL6_0133.tiff,0.5762169883883199,0.7871609331492117,0.2198900807593584
Canon600D_0010.tiff,0.35710631799122117,0.7794188637462968,0.5147633558123428
SamsungNX2000_0181.tiff,0.318510352505564,0.8002810120270809,0.508036865921847
Canon600D_0124.tiff,0.322573373728714,0.7614262810727135,0.5622956847185053
FujifilmXM1_0104.tiff,0.40593723949168986,0.7798610882485927,0.47647837372706364
OlympusEPL6_0136.tiff,0.5859099410161944,0.7675420227312146,0.2599784305669901
Canon1DsMkIII_0110.tiff,0.36674357045537825,0.7754694347572351,0.5139516604574164
NikonD5200_0023.tiff,0.30382234087017423,0.7959856831576743,0.5235444368878143
Canon1DsMkIII_0166.tiff,0.38491889506037175,0.7924152102320947,0.47319718809216077
Canon600D_0169.tiff,0.3437155182168653,0.7672335262185098,0.5414908667588245
PanasonicGX1_0199.tiff,0.3312010388848115,0.7896781845462598,0.5164438369206712
Canon1DsMkIII_0187.tiff,0.34185417464310836,0.7554743939512328,0.5589223231926749
NikonD5200_0076.tiff,0.3022358275288427,0.8035792032384882,0.5127513712127469
FujifilmXM1_0196.tiff,0.4304939410418293,0.783742680667503,0.4476855785329595
OlympusEPL6_0024.tiff,0.4235738357736025,0.8021773696279518,0.42082855571457806
NikonD5200_0089.tiff,0.5939564427612432,0.7690565748594653,0.23615191883158104
SamsungNX2000_0201.tiff,0.3299272319001587,0.8090526841496762,0.486396726881363
Canon1DsMkIII_0219.tiff,0.6463080050308898,0.7384239038531868,0.19239568823445866
FujifilmXM1_0191.tiff,0.4000703825723343,0.7825650235513201,0.4770069946054755
PanasonicGX1_0170.tiff,0.31814008202579314,0.7858881869892763,0.5302514929345603
NikonD5200_0181.tiff,0.31710497973808205,0.7948248861853953,0.5173952378266388
FujifilmXM1_0018.tiff,0.3916496579115177,0.7867808470697666,0.47706021018522565
Canon600D_0187.tiff,0.3319561741212207,0.7686413710990491,0.5468048473612647
NikonD5200_0183.tiff,0.2994061449583671,0.8007478586716237,0.5188051919497132
Canon1DsMkIII_0081.tiff,0.34391942023730243,0.7541251885169645,0.5594771062589519
Canon600D_0114.tiff,0.33850180043902683,0.7623069076217565,0.5516382054315059
NikonD5200_0186.tiff,0.3096428714073811,0.8100824389849163,0.4978832536196025
SamsungNX2000_0107.tiff,0.3028606418893804,0.7982605269937275,0.5206299670956801
Canon1DsMkIII_0037.tiff,0.3772171301918697,0.765684398474758,0.5209938949950932
Canon1DsMkIII_0014.tiff,0.3473665239260011,0.7624634636465621,0.5458809070297794
FujifilmXM1_0144.tiff,0.4257967227968064,0.7896216384456101,0.44180857727523815
PanasonicGX1_0070.tiff,0.3104358089294807,0.7870198370333144,0.5331316766525455
FujifilmXM1_0150.tiff,0.5551924916309823,0.7391322630329167,0.381372252504585
Canon600D_0135.tiff,0.6289002220418836,0.743755295798222,0.22652278182948635
FujifilmXM1_0033.tiff,0.6526979039613074,0.7364429908203229,0.17786839920608047
OlympusEPL6_0130.tiff,0.39743885292953557,0.7968097002830342,0.45512268644500276
SamsungNX2000_0077.tiff,0.32864710309327916,0.804805314220636,0.49424638373044183
NikonD5200_0038.tiff,0.3073049672118693,0.7948081219241848,0.5233007800971274
PanasonicGX1_0104.tiff,0.31212378479365027,0.7872632693279046,0.5317850014180789
SamsungNX2000_0126.tiff,0.4661733442020892,0.8321308285909234,0.30040089424637867
Canon600D_0029.tiff,0.3640163396532777,0.7841942158550499,0.5025251598526319
NikonD5200_0046.tiff,0.689990918543959,0.707174856938385,0.15432515686380704
Canon1DsMkIII_0157.tiff,0.389127719565574,0.7920683328589537,0.4703268798907136
PanasonicGX1_0188.tiff,0.3255411382523615,0.7819732021919705,0.5315457443710678
PanasonicGX1_0112.tiff,0.34256535844100816,0.8070690267210086,0.48092469400498433
Canon600D_0196.tiff,0.3630696089751819,0.7797114615384605,0.5101279210003767
Canon1DsMkIII_0075.tiff,0.3698539645587836,0.7684698475005609,0.5221706027560482
PanasonicGX1_0107.tiff,0.3192513630451987,0.7899564443951163,0.5234953516053494
FujifilmXM1_0034.tiff,0.40199341651921944,0.7806865776860509,0.47846604947064647
Canon600D_0048.tiff,0.3407607871657158,0.808435404039915,0.4799107035949722
FujifilmXM1_0031.tiff,0.3976048447291546,0.7830081513644925,0.4783394425976859
NikonD5200_0103.tiff,0.31346584567169794,0.7974353409723361,0.5155929019736998
NikonD5200_0105.tiff,0.303583843672257,0.7919307068995167,0.5297948709933028
Canon600D_0094.tiff,0.5809619410394425,0.7613670864985548,0.287755769117468
Canon1DsMkIII_0248.tiff,0.36573961020253354,0.7648289306730263,0.5303501148622993
OlympusEPL6_0062.tiff,0.3832287719542848,0.7920726159142801,0.4751385897452658
Canon1DsMkIII_0074.tiff,0.36037621378705514,0.7597908469975793,0.5411532623529196
Canon1DsMkIII_0256.tiff,0.32271057580315937,0.7646137248184068,0.5578743013297126
PanasonicGX1_0117.tiff,0.5340768255016217,0.7840312611802595,0.31631776104765613
Canon600D_0143.tiff,0.3608058744974311,0.7940866681330421,0.4891272681230395
SamsungNX2000_0173.tiff,0.3541399370646943,0.8268254053794035,0.4369721432711697
FujifilmXM1_0112.tiff,0.6707881685279028,0.7071453696857737,0.22358143727723118
PanasonicGX1_0157.tiff,0.4931784764718262,0.750510979360784,0.43989573787869934
SamsungNX2000_0043.tiff,0.32797691579669946,0.809864853714527,0.48636412431678444
Canon1DsMkIII_0094.tiff,0.33914256101767853,0.7550533058619944,0.5611388674947083
OlympusEPL6_0112.tiff,0.4102961884466521,0.7946500412837081,0.44742412723717795
PanasonicGX1_0064.tiff,0.34990900799967745,0.7848522096100871,0.5114398255815102
SamsungNX2000_0063.tiff,0.35242723362859407,0.8055507220615657,0.47632245294861614
PanasonicGX1_0106.tiff,0.3275290273356531,0.7936825513684849,0.5126331474902626
FujifilmXM1_0082.tiff,0.43617007341263503,0.785808015019499,0.43847626000769013
Canon1DsMkIII_0231.tiff,0.377661421005427,0.7667799862436034,0.5190571295921299
OlympusEPL6_0106.tiff,0.3884327106691748,0.7957917488485701,0.46458101741970864
Canon600D_0112.tiff,0.4321059308658659,0.7971996205691477,0.4216126533620055
Canon1DsMkIII_0253.tiff,0.34671926472477377,0.7596303890788231,0.5502248844396881
OlympusEPL6_0128.tiff,0.49397813674758245,0.8073479629473127,0.3227613160529176
PanasonicGX1_0085.tiff,0.3576145870389278,0.7888023779245932,0.4999026062319385
Canon600D_0017.tiff,0.3559536200521312,0.7745980306339448,0.5227761579393203
Canon600D_0067.tiff,0.4365736696283871,0.7969283444268148,0.417502868057622
FujifilmXM1_0114.tiff,0.424136556425723,0.7772573274726858,0.4647356543168897
SamsungNX2000_0172.tiff,0.31777281967460325,0.785935684334647,0.530401296345967
PanasonicGX1_0029.tiff,0.3444051040222018,0.7897983468435484,0.5075467423269057
OlympusEPL6_0013.tiff,0.4030952227063975,0.7987403271414216,0.44668571863144957
OlympusEPL6_0109.tiff,0.4116700478119879,0.7951208601656073,0.4453207714265981
SamsungNX2000_0167.tiff,0.29830249086388194,0.7951276695960954,0.5280034213782012
Canon1DsMkIII_0102.tiff,0.37086274547791276,0.7673307139175523,0.5231294290090787
NikonD5200_0113.tiff,0.2998009831106945,0.7907033892153319,0.5337672908761351
OlympusEPL6_0138.tiff,0.6174851302251572,0.7634378384301763,0.18940639060992775
FujifilmXM1_0008.tiff,0.4050130028749295,0.7847892286547206,0.46911654638241146
OlympusEPL6_0072.tiff,0.393770085085677,0.7984188027381643,0.4554915317827271
NikonD5200_0166.tiff,0.27392917970348424,0.7747919611396851,0.5697896291266602
Canon1DsMkIII_0136.tiff,0.6496958354015383,0.738612217229431,0.17985359051551084
NikonD5200_0050.tiff,0.2935455997420613,0.8353736361351954,0.4647384952016947
Canon1DsMkIII_0117.tiff,0.3499501637615197,0.7630764590415046,0.5433683838244222
NikonD5200_0193.tiff,0.3173487262394278,0.8061013678353123,0.4994901107411952
PanasonicGX1_0072.tiff,0.33547484476033906,0.7930715337506272,0.5084232202481063
